id,fraction,token_index,c_dir,c_conf,e_dir,p_finalize,direction_entropy,top_direction,top_prob,u_t,z_pos,z_neg,baseline_length,baseline_correct,latency_sec,tokens_per_sec,distinct_2,distinct_3,repeat_4gram_rate,max_repeated_line_count
gsm8k_train_0,0.1,22,0.19747060013342055,0.2584481322913278,0.6430204625437955,0.1373946053024081,0.8025293998665795,alternative,0.39680599049854187,-1.0540500838003464,-7.230098701174892,-6.176048617374546,225,True,6.879207180056255,32.70725740784566,0.9038461538461539,0.9805825242718447,0.0,3
gsm8k_train_0,0.2,45,0.24263111039135787,0.26939040828781624,0.6703349653421038,0.08451341631264496,0.7573688896086421,verify,0.551096701015914,-0.9977175834536487,-7.259448551125238,-6.261730967671589,225,True,6.879207180056255,32.70725740784566,0.9038461538461539,0.9805825242718447,0.0,3
gsm8k_train_0,0.3,68,0.12762782738009115,0.31500271915492456,0.6000292505771097,0.25919352834560777,0.8723721726199088,verify,0.3416133814628961,-0.7768335976588823,-6.821348613617843,-6.044515015958961,225,True,6.879207180056255,32.70725740784566,0.9038461538461539,0.9805825242718447,0.0,3
gsm8k_train_0,0.4,90,0.34264793222835155,0.3223316407872369,0.6743336377981957,0.02671822514180781,0.6573520677716485,alternative,0.4605336047073674,-0.7430770667129254,-7.3603453581223635,-6.617268291409438,225,True,6.879207180056255,32.70725740784566,0.9038461538461539,0.9805825242718447,0.0,3
gsm8k_train_0,0.5,112,0.15918105448150766,0.4523789540267889,0.7792085725403766,0.07766674591354693,0.8408189455184923,verify,0.42244711971557264,-0.19106330334874677,-6.437266056830126,-6.246202753481379,225,True,6.879207180056255,32.70725740784566,0.9038461538461539,0.9805825242718447,0.0,3
gsm8k_train_0,0.6,135,0.1270409941461902,0.27219321921586376,0.5590899972590995,0.324084526955861,0.8729590058538098,verify,0.34919043498776914,-0.9835234230875711,-5.580128985052156,-4.5966055619645845,225,True,6.879207180056255,32.70725740784566,0.9038461538461539,0.9805825242718447,0.0,3
gsm8k_train_0,0.7,158,0.2830081528457621,0.25954369117827075,0.6999225171674279,0.0450438973588093,0.7169918471542379,verify,0.5457327147955646,-1.0483415744912907,-6.762822042223823,-5.714480467732533,225,True,6.879207180056255,32.70725740784566,0.9038461538461539,0.9805825242718447,0.0,3
gsm8k_train_0,0.8,180,0.10587187176270141,0.27029955311338927,0.7583368553270273,0.13072659427976266,0.8941281282372986,alternative,0.42763049809961656,-0.9931033032140695,-6.68471689846903,-5.69161359525496,225,True,6.879207180056255,32.70725740784566,0.9038461538461539,0.9805825242718447,0.0,3
gsm8k_train_1,0.1,26,0.09957176372015031,0.27674325898395474,0.6155261473687129,0.28312749655587877,0.9004282362798497,alternative,0.32785320309155636,-0.9606740507530791,-5.7743954389381855,-4.813721388185106,256,False,6.599492266017478,38.790862945352835,0.875,0.9672131147540983,0.005494505494505495,1
gsm8k_train_1,0.2,51,0.18922346378878685,0.3588849057815917,0.747531182843769,0.07588260092532677,0.8107765362112132,alternative,0.5168422990675254,-0.5802072545881245,-6.192491376945238,-5.612284122357114,256,False,6.599492266017478,38.790862945352835,0.875,0.9672131147540983,0.005494505494505495,1
gsm8k_train_1,0.3,77,0.17547779921678042,0.3026367801091847,0.6511008411334811,0.15097688913688656,0.8245222007832196,alternative,0.481727211528411,-0.8347730530253292,-6.317988663742068,-5.483215610716739,256,False,6.599492266017478,38.790862945352835,0.875,0.9672131147540983,0.005494505494505495,1
gsm8k_train_1,0.4,102,0.1016479442628907,0.33984526958166267,0.8324733882880618,0.08541046311681554,0.8983520557371093,alternative,0.3710061399577952,-0.6639838230116162,-5.908831067196555,-5.244847244184939,256,False,6.599492266017478,38.790862945352835,0.875,0.9672131147540983,0.005494505494505495,1
gsm8k_train_1,0.5,128,0.140890617670702,0.23246261072254565,0.6636557736178017,0.17431390716863465,0.859109382329298,alternative,0.4478048405694038,-1.1944577959468727,-6.7183933901590835,-5.523935594212211,256,False,6.599492266017478,38.790862945352835,0.875,0.9672131147540983,0.005494505494505495,1
gsm8k_train_1,0.6,154,0.06420753385879774,0.3249509724734251,0.8141371344939395,0.12535797054249967,0.9357924661412023,alternative,0.352925669765112,-0.7311110045853413,-6.940430431545739,-6.2093194269603975,256,False,6.599492266017478,38.790862945352835,0.875,0.9672131147540983,0.005494505494505495,1
gsm8k_train_1,0.7,179,0.12244603106691743,0.31346950038185695,0.8801366815071505,0.047885027948095384,0.8775539689330826,alternative,0.3887113268886469,-0.7839485840421414,-6.741030884227094,-5.957082300184952,256,False,6.599492266017478,38.790862945352835,0.875,0.9672131147540983,0.005494505494505495,1
gsm8k_train_1,0.8,205,0.0934138739869389,0.35788195610324897,0.7294629017385431,0.1649845759353273,0.9065861260130611,alternative,0.4142568677238051,-0.5845689553140554,-5.925043655625165,-5.34047470031111,256,False,6.599492266017478,38.790862945352835,0.875,0.9672131147540983,0.005494505494505495,1
gsm8k_train_2,0.1,26,0.14633805616062767,0.3778310082115418,0.5689255326527641,0.27197936637401804,0.8536619438393723,verify,0.42478463669879096,-0.498764719384738,-6.859772791333724,-6.361008071948986,256,False,6.6353853099863045,38.58103004428666,0.821656050955414,0.9487179487179487,0.01935483870967742,1
gsm8k_train_2,0.2,51,0.1055292514696482,0.2471859088000355,0.7163358732158397,0.16418370471701044,0.8944707485303518,verify,0.36685317361881986,-1.1136775857579462,-7.082543911768779,-5.968866326010833,256,False,6.6353853099863045,38.58103004428666,0.821656050955414,0.9487179487179487,0.01935483870967742,1
gsm8k_train_2,0.3,77,0.15315651874541159,0.31909263233889923,0.7767258720183462,0.08305635198028846,0.8468434812545884,verify,0.4022924901853618,-0.7579448287656652,-7.6023122381331785,-6.844367409367513,256,False,6.6353853099863045,38.58103004428666,0.821656050955414,0.9487179487179487,0.01935483870967742,1
gsm8k_train_2,0.4,102,0.13378792394841255,0.3460878862542288,0.8160756342271863,0.07357649971716204,0.8662120760515875,alternative,0.3821928559077538,-0.6362802104566718,-6.154652996347867,-5.518372785891195,256,False,6.6353853099863045,38.58103004428666,0.821656050955414,0.9487179487179487,0.01935483870967742,1
gsm8k_train_2,0.5,128,0.11622993347027932,0.36477751639950734,0.6900583948337637,0.17630818266927467,0.8837700665297207,verify,0.399827927769824,-0.5546876817789768,-7.42337935615308,-6.868691674374103,256,False,6.6353853099863045,38.58103004428666,0.821656050955414,0.9487179487179487,0.01935483870967742,1
gsm8k_train_2,0.6,154,0.09697346536462736,0.2802911670028274,0.8143401669414699,0.099712112610989,0.9030265346353726,verify,0.41084150130071645,-0.9430177865845977,-7.307161236541663,-6.364143449957066,256,False,6.6353853099863045,38.58103004428666,0.821656050955414,0.9487179487179487,0.01935483870967742,1
gsm8k_train_2,0.7,179,0.10881175801060827,0.2528064287479152,0.8062488778742389,0.0961828119473125,0.8911882419893917,verify,0.37409215431908593,-1.0837001909698607,-6.777853314951354,-5.6941531239814935,256,False,6.6353853099863045,38.58103004428666,0.821656050955414,0.9487179487179487,0.01935483870967742,1
gsm8k_train_2,0.8,205,0.0925804099792854,0.30493582707307965,0.5893946001325803,0.3435483646871653,0.9074195900207146,finalize,0.3435483646871653,-0.8239028250183091,-6.579007886387478,-5.755105061369169,256,False,6.6353853099863045,38.58103004428666,0.821656050955414,0.9487179487179487,0.01935483870967742,1
gsm8k_train_3,0.1,26,0.15036179673650385,0.2873406222251769,0.6805061459399128,0.1507790796744987,0.8496382032634962,alternative,0.4559352014674589,-0.9083352261865238,-7.47129459245342,-6.562959366266896,256,True,6.770337938971352,37.81199731942705,0.8957055214723927,0.9691358024691358,0.0,3
gsm8k_train_3,0.2,51,0.19445452348631465,0.3671653436002524,0.8013582108178677,0.04566810499783698,0.8055454765136854,verify,0.43585624730882294,-0.5443969075857078,-7.052231397322727,-6.507834489737019,256,True,6.770337938971352,37.81199731942705,0.8957055214723927,0.9691358024691358,0.0,3
gsm8k_train_3,0.3,77,0.14692584458756763,0.28628698937014435,0.6380127986001214,0.1915733708790328,0.8530741554124324,alternative,0.4257866830508865,-0.9134861686138658,-6.768740557525352,-5.8552543889114865,256,True,6.770337938971352,37.81199731942705,0.8957055214723927,0.9691358024691358,0.0,3
gsm8k_train_3,0.4,102,0.1018255371172575,0.28274549736672966,0.7099298317022369,0.17349460372438175,0.8981744628827425,verify,0.35417778464822114,-0.9308835420391635,-7.622235408037396,-6.691351865998232,256,True,6.770337938971352,37.81199731942705,0.8957055214723927,0.9691358024691358,0.0,3
gsm8k_train_3,0.5,128,0.21973793944203668,0.3256310647318559,0.6395294821484857,0.12114857978155803,0.7802620605579633,alternative,0.42687653149290844,-0.7280123056265833,-6.6121824411872545,-5.884170135560671,256,True,6.770337938971352,37.81199731942705,0.8957055214723927,0.9691358024691358,0.0,3
gsm8k_train_3,0.6,154,0.10075696648068,0.20739104988150775,0.6442753154542771,0.24265462762383821,0.89924303351932,verify,0.33456674574116607,-1.3407238318265762,-7.649343890034682,-6.308620058208106,256,True,6.770337938971352,37.81199731942705,0.8957055214723927,0.9691358024691358,0.0,3
gsm8k_train_3,0.7,179,0.18169974121277488,0.34365947894751453,0.6145140043563427,0.17589157287535354,0.8183002587872251,verify,0.3939949365484414,-0.6470284609038686,-6.888995543692823,-6.241967082788954,256,True,6.770337938971352,37.81199731942705,0.8957055214723927,0.9691358024691358,0.0,3
gsm8k_train_3,0.8,205,0.14706823345497255,0.3178753742304078,0.5521810780053634,0.2957903955060846,0.8529317665450274,alternative,0.3100643014418768,-0.7635529758523187,-6.447742985333029,-5.6841900094807105,256,True,6.770337938971352,37.81199731942705,0.8957055214723927,0.9691358024691358,0.0,3
gsm8k_train_4,0.1,26,0.10598481636877743,0.23019218695413365,0.6957162891685239,0.18198781793816574,0.8940151836312226,alternative,0.38853781979199337,-1.2072263347867498,-5.80922583094395,-4.6019994961572,256,False,6.556834649993107,39.043229494931545,0.6162790697674418,0.7719298245614035,0.12941176470588237,2
gsm8k_train_4,0.2,51,0.15928044515569117,0.24615874339246976,0.5529340840562434,0.27334395744545026,0.8407195548443088,verify,0.32015682342852936,-1.1192051846787896,-6.965951172039535,-5.8467459873607455,256,False,6.556834649993107,39.043229494931545,0.6162790697674418,0.7719298245614035,0.12941176470588237,2
gsm8k_train_4,0.3,77,0.2021566227613557,0.2548581527798075,0.7083232194286337,0.08982592611110385,0.7978433772386443,verify,0.4810809883836209,-1.0728674724314295,-7.381818060290213,-6.308950587858783,256,False,6.556834649993107,39.043229494931545,0.6162790697674418,0.7719298245614035,0.12941176470588237,2
gsm8k_train_4,0.4,102,0.1679358512811866,0.21276570034434972,0.7426596447372033,0.0930818534000322,0.8320641487188134,verify,0.46283321797971116,-1.3083343546220219,-6.54408373780281,-5.235749383180788,256,False,6.556834649993107,39.043229494931545,0.6162790697674418,0.7719298245614035,0.12941176470588237,2
gsm8k_train_4,0.5,128,0.17180738210026203,0.32705672178555273,0.6627442802038677,0.1451289903039223,0.828192617899738,verify,0.49010454307960066,-0.7215274271209537,-6.621584466626903,-5.900057039505949,256,False,6.556834649993107,39.043229494931545,0.6162790697674418,0.7719298245614035,0.12941176470588237,2
gsm8k_train_4,0.6,154,0.12919269166700198,0.1357344805050084,0.868858139235056,0.04949214019433944,0.870807308332998,verify,0.3504547434586035,-1.851179407632812,-7.117092268455161,-5.265912860822349,256,False,6.556834649993107,39.043229494931545,0.6162790697674418,0.7719298245614035,0.12941176470588237,2
gsm8k_train_4,0.7,179,0.13182639223174497,0.2922431122981043,0.6765670393676771,0.17219550791405316,0.868173607768255,verify,0.46595270520166787,-0.8845146235413353,-7.240442531304937,-6.3559279077636015,256,False,6.556834649993107,39.043229494931545,0.6162790697674418,0.7719298245614035,0.12941176470588237,2
gsm8k_train_4,0.8,205,0.184935613516777,0.3180785452611299,0.6844326797078375,0.11802449069745627,0.815064386483223,verify,0.5057002040890484,-0.762616132248632,-6.744680759029205,-5.982064626780573,256,False,6.556834649993107,39.043229494931545,0.6162790697674418,0.7719298245614035,0.12941176470588237,2
gsm8k_train_5,0.1,26,0.1850304295890739,0.28560463690994325,0.8548548594736762,0.02767430154374899,0.8149695704109261,verify,0.38804689421421923,-0.9168280728931011,-7.293460054247462,-6.376631981354361,256,True,6.689251861011144,38.2703485111866,0.8811188811188811,0.9647887323943662,0.0,5
gsm8k_train_5,0.2,51,0.15146130209766195,0.19957101447743314,0.6690801980175185,0.1590722462336718,0.848538697902338,verify,0.4798467703452006,-1.3889776805669154,-8.183947912747348,-6.794970232180432,256,True,6.689251861011144,38.2703485111866,0.8811188811188811,0.9647887323943662,0.0,5
gsm8k_train_5,0.3,77,0.08372767606763754,0.2949164024586069,0.716757241492315,0.1864585571264948,0.9162723239323625,verify,0.3727260433775118,-0.8716244391718941,-7.1007464249435195,-6.229121985771625,256,True,6.689251861011144,38.2703485111866,0.8811188811188811,0.9647887323943662,0.0,5
gsm8k_train_5,0.4,102,0.1141447968906476,0.37833900163272405,0.7234345006267632,0.15007305026731343,0.8858552031093524,alternative,0.3602539823269901,-0.4966043020360722,-6.684330968486819,-6.187726666450747,256,True,6.689251861011144,38.2703485111866,0.8811188811188811,0.9647887323943662,0.0,5
gsm8k_train_5,0.5,128,0.1179755763306165,0.3143773615688117,0.7994623064195122,0.0938136178770512,0.8820244236693835,alternative,0.42129800497292336,-0.7797333338462602,-6.912548599745568,-6.132815265899308,256,True,6.689251861011144,38.2703485111866,0.8811188811188811,0.9647887323943662,0.0,5
gsm8k_train_5,0.6,154,0.2302711935073426,0.22462203357974928,0.6275315048396742,0.12098721113193604,0.7697288064926574,alternative,0.44755040810520613,-1.238931470157457,-7.587485471491934,-6.3485540013344774,256,True,6.689251861011144,38.2703485111866,0.8811188811188811,0.9647887323943662,0.0,5
gsm8k_train_5,0.7,179,0.13874670445024706,0.2802954361658588,0.7163131862989148,0.13356762372910455,0.8612532955497529,alternative,0.37459966449607085,-0.942996623718888,-6.868391481749745,-5.925394858030857,256,True,6.689251861011144,38.2703485111866,0.8811188811188811,0.9647887323943662,0.0,5
gsm8k_train_5,0.8,205,0.09875010430348852,0.3777007922479348,0.7836202938549405,0.11862546761599269,0.9012498956965115,alternative,0.38463069341721545,-0.4993186912029417,-6.203813353706163,-5.704494662503222,256,True,6.689251861011144,38.2703485111866,0.8811188811188811,0.9647887323943662,0.0,5
gsm8k_train_6,0.1,20,0.1487727967842155,0.3428719227452637,0.4924427498416041,0.446105874486394,0.8512272032157845,finalize,0.446105874486394,-0.6505219676762275,-7.047951780131888,-6.397429812455661,197,True,5.027253573003691,39.18640608420636,0.84251968503937,0.9126984126984127,0.04,1
gsm8k_train_6,0.2,39,0.13463937092989942,0.25415760578954144,0.7668319717175469,0.10210762175635034,0.8653606290701006,verify,0.42610839715552645,-1.0765597402437939,-6.123448770623486,-5.046889030379692,197,True,5.027253573003691,39.18640608420636,0.84251968503937,0.9126984126984127,0.04,1
gsm8k_train_6,0.3,59,0.17819530614551293,0.29994933503429366,0.6321905734501655,0.1639986121396003,0.8218046938544871,verify,0.4780552369682041,-0.8475391337718401,-6.929046972928738,-6.081507839156898,197,True,5.027253573003691,39.18640608420636,0.84251968503937,0.9126984126984127,0.04,1
gsm8k_train_6,0.4,79,0.036367372345591065,0.24067922853964566,0.7854516793937533,0.17391480266933476,0.9636326276544089,verify,0.3131076484985361,-1.1489592668996238,-6.739923228137081,-5.590963961237457,197,True,5.027253573003691,39.18640608420636,0.84251968503937,0.9126984126984127,0.04,1
gsm8k_train_6,0.5,98,0.14943800745749491,0.14240035166485476,0.6688645409438903,0.16121768638114245,0.8505619925425051,verify,0.4438224719383268,-1.7954949117280963,-7.759558883266637,-5.964063971538541,197,True,5.027253573003691,39.18640608420636,0.84251968503937,0.9126984126984127,0.04,1
gsm8k_train_6,0.6,118,0.15512406809542933,0.33850411233990035,0.6259921832212502,0.1939962244658215,0.8448759319045707,alternative,0.4748626009375004,-0.6699675258533357,-6.551282514045649,-5.8813149881923135,197,True,5.027253573003691,39.18640608420636,0.84251968503937,0.9126984126984127,0.04,1
gsm8k_train_6,0.7,138,0.09794534816864509,0.23102178087499417,0.7199197127599811,0.16867581170017873,0.9020546518313549,alternative,0.3684619262338617,-1.2025506498909824,-7.195582660960653,-5.993032011069671,197,True,5.027253573003691,39.18640608420636,0.84251968503937,0.9126984126984127,0.04,1
gsm8k_train_6,0.8,158,0.13754701342930176,0.2157942836612669,0.5270879471360267,0.36704730550696063,0.8624529865706982,finalize,0.36704730550696063,-1.2903458158053942,-7.053416414580858,-5.763070598775464,197,True,5.027253573003691,39.18640608420636,0.84251968503937,0.9126984126984127,0.04,1
gsm8k_train_7,0.1,26,0.10449798027742241,0.27310193840463054,0.5944752437664401,0.3075634337185097,0.8955020197225776,finalize,0.3075634337185097,-0.9789411235761856,-6.640155695226301,-5.661214571650115,256,False,6.587002623011358,38.86441446154539,0.7894736842105263,0.8863636363636364,0.061068702290076333,1
gsm8k_train_7,0.2,51,0.14507955298038622,0.291434400388676,0.7145394842478402,0.12947071726337903,0.8549204470196138,alternative,0.41295007258054983,-0.8884277053582199,-6.511138788302479,-5.622711082944259,256,False,6.587002623011358,38.86441446154539,0.7894736842105263,0.8863636363636364,0.061068702290076333,1
gsm8k_train_7,0.3,77,0.24643921182582662,0.2840874460174538,0.7659002304224964,0.03479867621516164,0.7535607881741734,alternative,0.4614712748465742,-0.9242759289134472,-8.245816067656271,-7.321540138742824,256,False,6.587002623011358,38.86441446154539,0.7894736842105263,0.8863636363636364,0.061068702290076333,1
gsm8k_train_7,0.4,102,0.07182833741873096,0.2995323636974779,0.6333605200583302,0.30593632556969447,0.928171662581269,finalize,0.30593632556969447,-0.8495256930492214,-6.524712873662761,-5.675187180613539,256,False,6.587002623011358,38.86441446154539,0.7894736842105263,0.8863636363636364,0.061068702290076333,1
gsm8k_train_7,0.5,128,0.1381597419205578,0.26621203454618475,0.694807983441658,0.1506702798930399,0.8618402580794422,alternative,0.4268191188481622,-1.0139269978759735,-6.302220926362639,-5.288293928486666,256,False,6.587002623011358,38.86441446154539,0.7894736842105263,0.8863636363636364,0.061068702290076333,1
gsm8k_train_7,0.6,154,0.1741590155422429,0.26130742629688936,0.8289023283687944,0.043864552091913415,0.8258409844577571,verify,0.4730552388170826,-1.0391842385866328,-6.093427149851086,-5.054242911264454,256,False,6.587002623011358,38.86441446154539,0.7894736842105263,0.8863636363636364,0.061068702290076333,1
gsm8k_train_7,0.7,179,0.04293027110595826,0.37332093332958194,0.6849626077778393,0.2777173584153447,0.9570697288940417,finalize,0.2777173584153447,-0.517996093426488,-6.086843595438812,-5.568847502012324,256,False,6.587002623011358,38.86441446154539,0.7894736842105263,0.8863636363636364,0.061068702290076333,1
gsm8k_train_7,0.8,205,0.09522168434174794,0.33283641264322694,0.7149843262171992,0.1758265893653089,0.9047783156582521,verify,0.34055874475471143,-0.6953841582982996,-6.796743531110064,-6.101359372811764,256,False,6.587002623011358,38.86441446154539,0.7894736842105263,0.8863636363636364,0.061068702290076333,1
gsm8k_train_8,0.1,18,0.12599869133903507,0.22356521957410838,0.5739590968384273,0.3001302027610815,0.8740013086609649,verify,0.33763886234033363,-1.2450094656763984,-7.5475069326008795,-6.302497466924481,182,False,4.627441329997964,39.33059049720681,0.8608695652173913,0.9298245614035088,0.04424778761061947,1
gsm8k_train_8,0.2,36,0.18377008603940082,0.2522637596222566,0.7158223109455168,0.09829972073918238,0.8162299139605992,verify,0.4884368172278311,-1.0865750906666083,-6.9095916731230185,-5.82301658245641,182,False,4.627441329997964,39.33059049720681,0.8608695652173913,0.9298245614035088,0.04424778761061947,1
gsm8k_train_8,0.3,55,0.10860170613953612,0.298460999719036,0.6172460798551649,0.26573005471540095,0.8913982938604639,verify,0.3217636860942937,-0.8546372234618342,-7.222214372093728,-6.367577148631894,182,False,4.627441329997964,39.33059049720681,0.8608695652173913,0.9298245614035088,0.04424778761061947,1
gsm8k_train_8,0.4,73,0.1599136498618271,0.2756617392073247,0.5430908686018837,0.28671382695034847,0.8400863501381729,alternative,0.34385109007105147,-0.966083962821763,-6.582194197585093,-5.61611023476333,182,False,4.627441329997964,39.33059049720681,0.8608695652173913,0.9298245614035088,0.04424778761061947,1
gsm8k_train_8,0.5,91,0.17955270455748362,0.28730324913924654,0.6315565190847607,0.1631984239858946,0.8204472954425164,verify,0.4391833828118964,-0.9085177404392146,-6.497884093215134,-5.58936635277592,182,False,4.627441329997964,39.33059049720681,0.8608695652173913,0.9298245614035088,0.04424778761061947,1
gsm8k_train_8,0.6,109,0.14948523522033452,0.31446448926598325,0.6806051518899813,0.15151708442261005,0.8505147647796655,alternative,0.3791454161638746,-0.7793291422844977,-6.24807547737894,-5.468746335094442,182,False,4.627441329997964,39.33059049720681,0.8608695652173913,0.9298245614035088,0.04424778761061947,1
gsm8k_train_8,0.7,127,0.1483754096498071,0.22413203044951663,0.7157165664855453,0.1258614411356609,0.8516245903501929,alternative,0.4587094005459935,-1.2417470635115633,-7.171909873585448,-5.930162810073885,182,False,4.627441329997964,39.33059049720681,0.8608695652173913,0.9298245614035088,0.04424778761061947,1
gsm8k_train_8,0.8,146,0.08832820825159293,0.2749450280811986,0.663328678074504,0.23709683357716832,0.9116717917484071,alternative,0.33493907437532155,-0.9696762955187337,-6.72412392354916,-5.754447628030427,182,False,4.627441329997964,39.33059049720681,0.8608695652173913,0.9298245614035088,0.04424778761061947,1
gsm8k_train_9,0.1,22,0.20631667297086864,0.27673778676102245,0.7059188918355446,0.08837958549299754,0.7936833270291314,alternative,0.505442060038753,-0.9607013906511774,-6.566457616862806,-5.6057562262116285,222,True,5.806068478967063,38.23585629487705,0.7483443708609272,0.9666666666666667,0.006711409395973154,1
gsm8k_train_9,0.2,44,0.164564715355196,0.34652415576329393,0.6300688339699116,0.1798199435710881,0.835435284644804,alternative,0.4961721948954499,-0.6343530389008727,-6.48518317794556,-5.850830139044687,222,True,5.806068478967063,38.23585629487705,0.7483443708609272,0.9666666666666667,0.006711409395973154,1
gsm8k_train_9,0.3,67,0.12533363302524136,0.3776228068202166,0.5350831352947718,0.38389439978208934,0.8746663669747586,finalize,0.38389439978208934,-0.49965049697880026,-6.320612980637265,-5.820962483658465,222,True,5.806068478967063,38.23585629487705,0.7483443708609272,0.9666666666666667,0.006711409395973154,1
gsm8k_train_9,0.4,89,0.09306281829721708,0.23862478995833586,0.7011390386061105,0.1910029501045908,0.9069371817027829,verify,0.39712790805244136,-1.160233883199095,-6.934467454511417,-5.774233571312322,222,True,5.806068478967063,38.23585629487705,0.7483443708609272,0.9666666666666667,0.006711409395973154,1
gsm8k_train_9,0.5,111,0.06091706569963007,0.30102876313554744,0.7679464348966962,0.16433928854141203,0.9390829343003699,verify,0.33045709856721356,-0.8424037736359713,-7.150959142420527,-6.308555368784556,222,True,5.806068478967063,38.23585629487705,0.7483443708609272,0.9666666666666667,0.006711409395973154,1
gsm8k_train_9,0.6,133,0.14074539373012107,0.3383004921234767,0.6446681837360325,0.19207450279021615,0.8592546062698789,alternative,0.3464162549002558,-0.6708770068106915,-6.064458018662586,-5.393581011851895,222,True,5.806068478967063,38.23585629487705,0.7483443708609272,0.9666666666666667,0.006711409395973154,1
gsm8k_train_9,0.7,155,0.1722286751975597,0.30998802802180525,0.4691110429887616,0.425218499685322,0.8277713248024403,finalize,0.425218499685322,-0.8001752706848704,-6.148728342059878,-5.348553071375008,222,True,5.806068478967063,38.23585629487705,0.7483443708609272,0.9666666666666667,0.006711409395973154,1
gsm8k_train_9,0.8,178,0.05692232201237446,0.25314564339046736,0.719968820511255,0.21440613238892292,0.9430776779876255,verify,0.28882250807429316,-1.0819052063812853,-7.127653770513481,-6.045748564132196,222,True,5.806068478967063,38.23585629487705,0.7483443708609272,0.9666666666666667,0.006711409395973154,1
gsm8k_train_10,0.1,19,0.2160532103469487,0.29813460204907644,0.6347631971753493,0.1275720345665351,0.7839467896530513,alternative,0.5409187966227172,-0.8561965755755327,-6.419303788346351,-5.563107212770818,190,True,4.9578423270140775,38.323122735214106,0.803030303030303,0.9083969465648855,0.046153846153846156,1
gsm8k_train_10,0.2,38,0.18599671818902896,0.44356236913504515,0.6894750854194954,0.11374406784269207,0.814003281810971,alternative,0.49000973692918837,-0.22671666926387068,-6.208463169216044,-5.981746499952173,190,True,4.9578423270140775,38.323122735214106,0.803030303030303,0.9083969465648855,0.046153846153846156,1
gsm8k_train_10,0.3,57,0.18906275163989295,0.3366665796195519,0.7670424694794191,0.06548734892850484,0.810937248360107,alternative,0.4479737176231278,-0.6781846976658503,-7.265401852662662,-6.587217154996812,190,True,4.9578423270140775,38.323122735214106,0.803030303030303,0.9083969465648855,0.046153846153846156,1
gsm8k_train_10,0.4,76,0.09390470004828255,0.3525589873994953,0.6601755698921651,0.23319356297083405,0.9060952999517174,verify,0.3441290231227094,-0.6078097407999978,-6.591430844320868,-5.98362110352087,190,True,4.9578423270140775,38.323122735214106,0.803030303030303,0.9083969465648855,0.046153846153846156,1
gsm8k_train_10,0.5,95,0.13051998953040755,0.24738398393324337,0.6051178871979311,0.24833863569753806,0.8694800104695924,alternative,0.3954274913994823,-1.112613438589099,-6.701757657816304,-5.589144219227205,190,True,4.9578423270140775,38.323122735214106,0.803030303030303,0.9083969465648855,0.046153846153846156,1
gsm8k_train_10,0.6,114,0.232746592836087,0.3006323743647645,0.6613969672143317,0.09678272508638998,0.767253407163913,alternative,0.5243685600039697,-0.8442883641186594,-6.76020455628075,-5.915916192162091,190,True,4.9578423270140775,38.323122735214106,0.803030303030303,0.9083969465648855,0.046153846153846156,1
gsm8k_train_10,0.7,133,0.1701639962700181,0.3454677692443097,0.6333216736174293,0.17108297622227753,0.8298360037299819,alternative,0.42644529327908803,-0.6390214774146603,-6.210353727407513,-5.571332249992853,190,True,4.9578423270140775,38.323122735214106,0.803030303030303,0.9083969465648855,0.046153846153846156,1
gsm8k_train_10,0.8,152,0.16266418876188582,0.2865246569096488,0.5704740106790734,0.24501775275882456,0.8373358112381142,alternative,0.4444658971861296,-0.9123232836693047,-6.29555388812663,-5.383230604457325,190,True,4.9578423270140775,38.323122735214106,0.803030303030303,0.9083969465648855,0.046153846153846156,1
gsm8k_train_11,0.1,20,0.15767756942130418,0.32117267608853933,0.7329298980606943,0.10672319825604529,0.8423224305786958,alternative,0.4505975253941532,-0.7483878755712263,-6.7906798622711815,-6.042291986699955,200,True,5.102511056000367,39.19638738750155,0.8389830508474576,0.8974358974358975,0.06896551724137931,1
gsm8k_train_11,0.2,40,0.08925482793726625,0.23560705843065316,0.7421607501026347,0.15835652437838343,0.9107451720627338,alternative,0.33213363458978895,-1.1769165676626994,-7.085009197217092,-5.9080926295543925,200,True,5.102511056000367,39.19638738750155,0.8389830508474576,0.8974358974358975,0.06896551724137931,1
gsm8k_train_11,0.3,60,0.14285886829031325,0.28398609921622375,0.6654122799990353,0.17074031835741793,0.8571411317096868,verify,0.4158027609356356,-0.924774290733124,-6.480068546541338,-5.555294255808214,200,True,5.102511056000367,39.19638738750155,0.8389830508474576,0.8974358974358975,0.06896551724137931,1
gsm8k_train_11,0.4,80,0.12679104183614154,0.357647474594832,0.6353849573435302,0.2181410169515505,0.8732089581638585,alternative,0.4164698305160937,-0.585589464557688,-6.458818939099828,-5.87322947454214,200,True,5.102511056000367,39.19638738750155,0.8389830508474576,0.8974358974358975,0.06896551724137931,1
gsm8k_train_11,0.5,100,0.12997930079320175,0.19850041576527108,0.6427741201923186,0.20641666694244848,0.8700206992067983,verify,0.34359806680108246,-1.395693258655088,-7.648277605037968,-6.25258434638288,200,True,5.102511056000367,39.19638738750155,0.8389830508474576,0.8974358974358975,0.06896551724137931,1
gsm8k_train_11,0.6,120,0.1975657964495371,0.3317704385335908,0.5209783363431716,0.2563822040354851,0.8024342035504629,alternative,0.4563845111879378,-0.7001884898361439,-7.159891577750786,-6.459703087914642,200,True,5.102511056000367,39.19638738750155,0.8389830508474576,0.8974358974358975,0.06896551724137931,1
gsm8k_train_11,0.7,140,0.19610024253388547,0.3719817977695157,0.434325162833881,0.47333277139847935,0.8038997574661145,finalize,0.47333277139847935,-0.5237242281427132,-6.482002021552388,-5.958277793409675,200,True,5.102511056000367,39.19638738750155,0.8389830508474576,0.8974358974358975,0.06896551724137931,1
gsm8k_train_11,0.8,160,0.08637598271815816,0.24231054899411916,0.6297709160637334,0.2847386200678466,0.9136240172818418,alternative,0.3136624898664245,-1.140053442663259,-6.487226737815619,-5.34717329515236,200,True,5.102511056000367,39.19638738750155,0.8389830508474576,0.8974358974358975,0.06896551724137931,1
gsm8k_train_12,0.1,15,0.10121232672170477,0.30043707180820806,0.5854942354328252,0.33098726584684446,0.8987876732782952,finalize,0.33098726584684446,-0.8452174313087646,-6.903812920524215,-6.058595489215451,148,True,3.850307543994859,38.43848791529096,0.7476635514018691,0.8301886792452831,0.11428571428571428,1
gsm8k_train_12,0.2,30,0.14572681625901307,0.25097021106002376,0.5123492316940199,0.3811675333071389,0.8542731837409869,finalize,0.3811675333071389,-1.0934445032889348,-7.291613958456448,-6.1981694551675135,148,True,3.850307543994859,38.43848791529096,0.7476635514018691,0.8301886792452831,0.11428571428571428,1
gsm8k_train_12,0.3,44,0.11113644237925047,0.2872447365468887,0.6066909143619451,0.27639738897384547,0.8888635576207495,verify,0.3150969987103644,-0.9088035195125723,-6.604791639875653,-5.695988120363081,148,True,3.850307543994859,38.43848791529096,0.7476635514018691,0.8301886792452831,0.11428571428571428,1
gsm8k_train_12,0.4,59,0.20083858079474037,0.21283739108523547,0.7202476890797537,0.08370461487843694,0.7991614192052596,verify,0.4036554460978729,-1.3079063937526803,-7.73811537292325,-6.43020897917057,148,True,3.850307543994859,38.43848791529096,0.7476635514018691,0.8301886792452831,0.11428571428571428,1
gsm8k_train_12,0.5,74,0.1278963798466255,0.2628771586447202,0.56256204825695,0.3158738015515553,0.8721036201533745,finalize,0.3158738015515553,-1.0310677101848,-6.515480080987424,-5.484412370802624,148,True,3.850307543994859,38.43848791529096,0.7476635514018691,0.8301886792452831,0.11428571428571428,1
gsm8k_train_12,0.6,89,0.10248675985852151,0.2301599837074322,0.5753736133126415,0.34904690718610853,0.8975132401414785,finalize,0.34904690718610853,-1.2074080737564392,-7.2550102431595205,-6.047602169403081,148,True,3.850307543994859,38.43848791529096,0.7476635514018691,0.8301886792452831,0.11428571428571428,1
gsm8k_train_12,0.7,104,0.10308753040533436,0.2616943229276604,0.6099800651548472,0.2853255332948959,0.8969124695946656,verify,0.334685012242156,-1.0371808191733454,-6.2313502370333795,-5.194169417860034,148,True,3.850307543994859,38.43848791529096,0.7476635514018691,0.8301886792452831,0.11428571428571428,1
gsm8k_train_12,0.8,118,0.1251127898683434,0.15344955791412473,0.5985843810839064,0.26503964041322575,0.8748872101316566,verify,0.3695717461054233,-1.7077978887098446,-7.981611746137396,-6.273813857427552,148,True,3.850307543994859,38.43848791529096,0.7476635514018691,0.8301886792452831,0.11428571428571428,1
gsm8k_train_13,0.1,26,0.18039263961625762,0.37301098820393286,0.5539465008229538,0.24008184315851802,0.8196073603837424,alternative,0.45319414496844657,-0.5193211372315254,-6.224519790931694,-5.705198653700169,256,False,6.614523864991497,38.70271016103274,0.9236641221374046,0.9846153846153847,0.0,2
gsm8k_train_13,0.2,51,0.08717570628240912,0.40421878567174835,0.7359790017894724,0.16560625406197288,0.9128242937175909,verify,0.3514355954936061,-0.38791722954901076,-6.804094526721474,-6.416177297172463,256,False,6.614523864991497,38.70271016103274,0.9236641221374046,0.9846153846153847,0.0,2
gsm8k_train_13,0.3,77,0.21674559087122214,0.2683610543595499,0.7646080066759836,0.05071923731789888,0.7832544091287779,alternative,0.4526547985225802,-1.0029538570292873,-6.92405730946454,-5.921103452435252,256,False,6.614523864991497,38.70271016103274,0.9236641221374046,0.9846153846153847,0.0,2
gsm8k_train_13,0.4,102,0.0734192193769796,0.3281628668226816,0.6570835487102558,0.2671098746054956,0.9265807806230204,verify,0.3251967678543235,-0.7165059194681405,-7.300700044294072,-6.584194124825932,256,False,6.614523864991497,38.70271016103274,0.9236641221374046,0.9846153846153847,0.0,2
gsm8k_train_13,0.5,128,0.16203425749970346,0.27707396331324535,0.6604061128612775,0.15609451094434507,0.8379657425002965,alternative,0.3894537505829145,-0.9590224302378259,-6.231683106596671,-5.2726606763588455,256,False,6.614523864991497,38.70271016103274,0.9236641221374046,0.9846153846153847,0.0,2
gsm8k_train_13,0.6,154,0.14185765739000533,0.2656117067233857,0.5805543037994136,0.26313219274214394,0.8581423426099947,verify,0.37548391500154144,-1.0170024055020344,-6.627280644547258,-5.610278239045224,256,False,6.614523864991497,38.70271016103274,0.9236641221374046,0.9846153846153847,0.0,2
gsm8k_train_13,0.7,179,0.12572074566279334,0.26877837034918023,0.7224873883953772,0.1403056746909523,0.8742792543372067,alternative,0.4112920851723064,-1.0008294627743837,-7.34434603668749,-6.3435165739131065,256,False,6.614523864991497,38.70271016103274,0.9236641221374046,0.9846153846153847,0.0,2
gsm8k_train_13,0.8,205,0.17265989639251578,0.2598534216381347,0.7617234537500375,0.07869870664993454,0.8273401036074842,verify,0.4546941954111914,-1.0467305363393686,-7.093403006444791,-6.046672470105422,256,False,6.614523864991497,38.70271016103274,0.9236641221374046,0.9846153846153847,0.0,2
gsm8k_train_14,0.1,21,0.1446268648323885,0.2438089453796413,0.5658133936494699,0.27929478614635117,0.8553731351676115,verify,0.36497164500651613,-1.1319091541625772,-7.321962868653905,-6.190053714491328,213,True,5.581938072980847,38.1587895127354,0.7254901960784313,0.8552631578947368,0.08609271523178808,1
gsm8k_train_14,0.2,43,0.14794476827412273,0.24665727426683942,0.6426332408263822,0.18605453511071263,0.8520552317258773,alternative,0.42982431320025755,-1.1165204517993308,-6.865118132398372,-5.748597680599041,213,True,5.581938072980847,38.1587895127354,0.7254901960784313,0.8552631578947368,0.08609271523178808,1
gsm8k_train_14,0.3,64,0.199134505064803,0.276222014371809,0.4613386935600354,0.35317846529596636,0.800865494935197,finalize,0.35317846529596636,-0.9632797534154642,-6.017557002063064,-5.0542772486476,213,True,5.581938072980847,38.1587895127354,0.7254901960784313,0.8552631578947368,0.08609271523178808,1
gsm8k_train_14,0.4,85,0.15955263710051426,0.30436779530640695,0.5063616630786193,0.35532614854675637,0.8404473628994857,finalize,0.35532614854675637,-0.8265842560223158,-6.860255008379065,-6.033670752356749,213,True,5.581938072980847,38.1587895127354,0.7254901960784313,0.8552631578947368,0.08609271523178808,1
gsm8k_train_14,0.5,106,0.13150955237893547,0.22266984471129914,0.5997401668120012,0.2537013152716624,0.8684904476210645,verify,0.32956211361294924,-1.2501750129780884,-5.38653029486858,-4.136355281890491,213,True,5.581938072980847,38.1587895127354,0.7254901960784313,0.8552631578947368,0.08609271523178808,1
gsm8k_train_14,0.6,128,0.13322352466704535,0.2885316216520314,0.5305601256539624,0.37104671452807075,0.8667764753329547,finalize,0.37104671452807075,-0.9025262858447132,-5.177164057099511,-4.274637771254798,213,True,5.581938072980847,38.1587895127354,0.7254901960784313,0.8552631578947368,0.08609271523178808,1
gsm8k_train_14,0.7,149,0.19607464602084734,0.342244729614121,0.6020956358058478,0.17209089968607374,0.8039253539791527,alternative,0.5354304873390945,-0.6533068678159326,-6.679877755815215,-6.0265708879992825,213,True,5.581938072980847,38.1587895127354,0.7254901960784313,0.8552631578947368,0.08609271523178808,1
gsm8k_train_14,0.8,170,0.13867437975405528,0.21568289770873345,0.5415091174549709,0.3319615336218195,0.8613256202459447,finalize,0.3319615336218195,-1.2910041429279104,-6.588891427348052,-5.297887284420142,213,True,5.581938072980847,38.1587895127354,0.7254901960784313,0.8552631578947368,0.08609271523178808,1
gsm8k_train_15,0.1,26,0.10778907300531348,0.29780121422855943,0.5791097233307815,0.32854235929967973,0.8922109269946865,finalize,0.32854235929967973,-0.8577903369846274,-6.923370086039919,-6.065579749055292,256,False,6.694568918028381,38.23995288338814,0.6778523489932886,0.7837837837837838,0.14965986394557823,1
gsm8k_train_15,0.2,51,0.08457130429590132,0.20025835162920697,0.6277739307122812,0.29100173926899536,0.9154286957040987,alternative,0.30778845607632394,-1.3846804448829024,-6.789637224774802,-5.4049567798919,256,False,6.694568918028381,38.23995288338814,0.6778523489932886,0.7837837837837838,0.14965986394557823,1
gsm8k_train_15,0.3,77,0.12665889985329537,0.15899712554581372,0.6968468640708524,0.15992976707328968,0.8733411001467046,alternative,0.34132064174532795,-1.6657089541388466,-7.1029973691677215,-5.437288415028875,256,False,6.694568918028381,38.23995288338814,0.6778523489932886,0.7837837837837838,0.14965986394557823,1
gsm8k_train_15,0.4,102,0.1239418822443481,0.26275658734831897,0.6464023065582684,0.20992499347984392,0.8760581177556519,verify,0.37253386300715463,-1.031690032402805,-7.103111483299211,-6.0714214508964055,256,False,6.694568918028381,38.23995288338814,0.6778523489932886,0.7837837837837838,0.14965986394557823,1
gsm8k_train_15,0.5,128,0.10723826529269076,0.36245110347376575,0.5815523399714623,0.3250832418333765,0.8927617347073092,alternative,0.3283718216772824,-0.56474139629682,-6.421204388564675,-5.856462992267855,256,False,6.694568918028381,38.23995288338814,0.6778523489932886,0.7837837837837838,0.14965986394557823,1
gsm8k_train_15,0.6,154,0.09829332035757021,0.2593960715116224,0.6409948455745285,0.2502716411348361,0.9017066796424298,verify,0.3368316267473088,-1.0491098456845123,-6.43654530391558,-5.387435458231068,256,False,6.694568918028381,38.23995288338814,0.6778523489932886,0.7837837837837838,0.14965986394557823,1
gsm8k_train_15,0.7,179,0.13828053698556386,0.29741272866138485,0.6007272560126191,0.2426358021568708,0.8617194630144361,verify,0.34929817539923075,-0.859648790242467,-6.964138807519607,-6.10449001727714,256,False,6.694568918028381,38.23995288338814,0.6778523489932886,0.7837837837837838,0.14965986394557823,1
gsm8k_train_15,0.8,205,0.08546932750935798,0.2919360662369227,0.590226545493644,0.36040803907768176,0.914530672490642,finalize,0.36040803907768176,-0.8859995644904535,-5.811781688995316,-4.925782124504862,256,False,6.694568918028381,38.23995288338814,0.6778523489932886,0.7837837837837838,0.14965986394557823,1
gsm8k_train_16,0.1,26,0.13925955003130042,0.28398599000112873,0.5814870993126898,0.2659570419048039,0.8607404499686996,alternative,0.3474551753592603,-0.9247748278442911,-6.496202075441539,-5.5714272475972475,256,False,6.5388488689786755,39.15062194119582,0.6303030303030303,0.7560975609756098,0.13496932515337423,2
gsm8k_train_16,0.2,51,0.21224656048381263,0.2723223124942921,0.6540953895337571,0.11708250620658417,0.7877534395161874,verify,0.49598027180096016,-0.9828718760412194,-6.416741740966962,-5.433869864925742,256,False,6.5388488689786755,39.15062194119582,0.6303030303030303,0.7560975609756098,0.13496932515337423,2
gsm8k_train_16,0.3,77,0.09414026568992562,0.23520408271612617,0.691390483550622,0.1993171047078404,0.9058597343100744,alternative,0.3534934354127331,-1.1791554490827432,-6.71902061707167,-5.539865167988927,256,False,6.5388488689786755,39.15062194119582,0.6303030303030303,0.7560975609756098,0.13496932515337423,2
gsm8k_train_16,0.4,102,0.14973517865647046,0.18000883509857327,0.6748871688467438,0.15592841634371166,0.8502648213435295,alternative,0.41764158660934614,-1.5162876321231993,-6.082169025145351,-4.565881393022152,256,False,6.5388488689786755,39.15062194119582,0.6303030303030303,0.7560975609756098,0.13496932515337423,2
gsm8k_train_16,0.5,128,0.17602782807882766,0.27803807145043613,0.6278733428436737,0.16989190775010823,0.8239721719211723,verify,0.4711414855216614,-0.9542143549841509,-6.553523924472125,-5.599309569487974,256,False,6.5388488689786755,39.15062194119582,0.6303030303030303,0.7560975609756098,0.13496932515337423,2
gsm8k_train_16,0.6,154,0.0894032941736338,0.34448728614884805,0.760633189610217,0.1433997616608733,0.9105967058263662,verify,0.37755162361400557,-0.6433605141252015,-7.244765918390564,-6.601405404265362,256,False,6.5388488689786755,39.15062194119582,0.6303030303030303,0.7560975609756098,0.13496932515337423,2
gsm8k_train_16,0.7,179,0.13981987399595852,0.2901087134406422,0.7433604273443382,0.1135579987135501,0.8601801260040415,alternative,0.38451013102610837,-0.894856114123554,-6.507695268162367,-5.612839154038813,256,False,6.5388488689786755,39.15062194119582,0.6303030303030303,0.7560975609756098,0.13496932515337423,2
gsm8k_train_16,0.8,205,0.11092324932582065,0.2587544064762172,0.607817170578436,0.2751357357172748,0.8890767506741794,alternative,0.3227395814623465,-1.0524526313439742,-6.422525358516381,-5.370072727172407,256,False,6.5388488689786755,39.15062194119582,0.6303030303030303,0.7560975609756098,0.13496932515337423,2
gsm8k_train_17,0.1,26,0.1279048470527695,0.14405274790808106,0.6247725502950108,0.22850561013224985,0.8720951529472305,alternative,0.376485129310973,-1.7820292154351582,-7.591218221532294,-5.809189006097136,256,False,6.526740630972199,39.22325314800616,0.8072289156626506,0.9272727272727272,0.018292682926829267,1
gsm8k_train_17,0.2,51,0.15602666200556448,0.3006663447799437,0.6724389882878575,0.15197769101945618,0.8439733379944355,alternative,0.4262620797685263,-0.8441267997473041,-6.172260733704053,-5.328133933956749,256,False,6.526740630972199,39.22325314800616,0.8072289156626506,0.9272727272727272,0.018292682926829267,1
gsm8k_train_17,0.3,77,0.1998411905605193,0.17814742181611995,0.76096048762601,0.06216764880341216,0.8001588094394807,verify,0.4538734258714806,-1.5289496137332925,-7.267256379733979,-5.738306766000687,256,False,6.526740630972199,39.22325314800616,0.8072289156626506,0.9272727272727272,0.018292682926829267,1
gsm8k_train_17,0.4,102,0.11905999946887247,0.3374171661557488,0.6148951057385731,0.2528020425884127,0.8809400005311275,verify,0.37607761511352816,-0.6748255356860087,-6.711689638172666,-6.036864102486657,256,False,6.526740630972199,39.22325314800616,0.8072289156626506,0.9272727272727272,0.018292682926829267,1
gsm8k_train_17,0.5,128,0.11121774098207204,0.35350256560349586,0.5852267751124138,0.3100532763758713,0.888782259017928,finalize,0.3100532763758713,-0.6036784867243474,-5.536907660276845,-4.933229173552498,256,False,6.526740630972199,39.22325314800616,0.8072289156626506,0.9272727272727272,0.018292682926829267,1
gsm8k_train_17,0.6,154,0.16900797857429273,0.31809576357360775,0.5507152023310337,0.2608812734655577,0.8309920214257073,alternative,0.3964093893319345,-0.7625367514282999,-6.771088189940164,-6.008551438511864,256,False,6.526740630972199,39.22325314800616,0.8072289156626506,0.9272727272727272,0.018292682926829267,1
gsm8k_train_17,0.7,179,0.19449195308622713,0.2728782833380738,0.4573232374212534,0.37671009643126957,0.8055080469137729,finalize,0.37671009643126957,-0.9800680395272208,-6.577510115851853,-5.597442076324632,256,False,6.526740630972199,39.22325314800616,0.8072289156626506,0.9272727272727272,0.018292682926829267,1
gsm8k_train_17,0.8,205,0.10155206181258125,0.29959039839793206,0.582033072863616,0.33715006027814565,0.8984479381874187,finalize,0.33715006027814565,-0.8492491060000233,-6.154392787492097,-5.305143681492074,256,False,6.526740630972199,39.22325314800616,0.8072289156626506,0.9272727272727272,0.018292682926829267,1
gsm8k_train_18,0.1,26,0.16325463147675734,0.3874638395586657,0.5930744504413246,0.21811668171842452,0.8367453685232427,alternative,0.4549180115599042,-0.4579854509603649,-7.10108722016032,-6.643101769199955,256,False,6.680899471975863,38.31819369140852,0.711764705882353,0.8402366863905325,0.07142857142857142,1
gsm8k_train_18,0.2,51,0.21179058619861346,0.30657428088246946,0.6828101103692803,0.09860107696548848,0.7882094138013865,alternative,0.43919947212443466,-0.8161840458819141,-6.833370037506862,-6.017185991624948,256,False,6.680899471975863,38.31819369140852,0.711764705882353,0.8402366863905325,0.07142857142857142,1
gsm8k_train_18,0.3,77,0.21518648177906285,0.27935075411162635,0.7939893817942049,0.03826970021589982,0.7848135182209371,alternative,0.5016128567127892,-0.9476843606719303,-7.0506191470633865,-6.102934786391456,256,False,6.680899471975863,38.31819369140852,0.711764705882353,0.8402366863905325,0.07142857142857142,1
gsm8k_train_18,0.4,102,0.23310467063835827,0.3083576791051955,0.6610137051286775,0.09676258283877932,0.7668953293616417,verify,0.42455520579346673,-0.8078085396836023,-6.471048419246872,-5.663239879563269,256,False,6.680899471975863,38.31819369140852,0.711764705882353,0.8402366863905325,0.07142857142857142,1
gsm8k_train_18,0.5,128,0.12652582026222703,0.24233942943145229,0.6677258882442291,0.18584233253072105,0.873474179737773,alternative,0.3512751659474981,-1.1398961448808675,-6.761948069359322,-5.622051924478455,256,False,6.680899471975863,38.31819369140852,0.711764705882353,0.8402366863905325,0.07142857142857142,1
gsm8k_train_18,0.6,154,0.0875975583032762,0.3046887633324318,0.6018067783677302,0.3299930839054815,0.9124024416967238,finalize,0.3299930839054815,-0.825068760360069,-6.494258906520267,-5.669190146160198,256,False,6.680899471975863,38.31819369140852,0.711764705882353,0.8402366863905325,0.07142857142857142,1
gsm8k_train_18,0.7,179,0.14252823261628367,0.30955022654543196,0.5550223138750627,0.29971575238203163,0.8574717673837163,verify,0.36613555617092325,-0.8022228689995217,-6.89851920025208,-6.096296331252558,256,False,6.680899471975863,38.31819369140852,0.711764705882353,0.8402366863905325,0.07142857142857142,1
gsm8k_train_18,0.8,205,0.11323085282482603,0.34251609817781087,0.5785831161010407,0.31768660655999137,0.886769147175174,verify,0.3411531872988527,-0.6521016212548272,-6.979857813542428,-6.327756192287601,256,False,6.680899471975863,38.31819369140852,0.711764705882353,0.8402366863905325,0.07142857142857142,1
gsm8k_train_19,0.1,26,0.07734687019712727,0.26354648925575225,0.6857378366952832,0.2259355858337447,0.9226531298028727,alternative,0.313929841339059,-1.027616329809847,-7.407117470431464,-6.379501140621617,256,False,6.679430070973467,38.326623271720294,0.7215189873417721,0.8598726114649682,0.07692307692307693,1
gsm8k_train_19,0.2,51,0.08744582068123818,0.3509484584762992,0.759668436973832,0.14592513981010916,0.9125541793187618,alternative,0.4005452094839631,-0.614872759646663,-6.5155690288966746,-5.900696269250012,256,False,6.679430070973467,38.326623271720294,0.7215189873417721,0.8598726114649682,0.07692307692307693,1
gsm8k_train_19,0.3,77,0.08961887148263747,0.3852070992438507,0.603385199678602,0.32249037831198263,0.9103811285173625,finalize,0.32249037831198263,-0.4675043545821138,-6.285163522023295,-5.817659167441181,256,False,6.679430070973467,38.326623271720294,0.7215189873417721,0.8598726114649682,0.07692307692307693,1
gsm8k_train_19,0.4,102,0.13223221092488913,0.36287640673120974,0.5374540670935286,0.3567899170155363,0.8677677890751109,finalize,0.3567899170155363,-0.5629013617569951,-6.910534148367306,-6.347632786610311,256,False,6.679430070973467,38.326623271720294,0.7215189873417721,0.8598726114649682,0.07692307692307693,1
gsm8k_train_19,0.5,128,0.11479874544254687,0.27535656922000956,0.7528642752885426,0.12717705746929653,0.8852012545574531,alternative,0.4360343240282507,-0.9676128411256268,-6.232160564871653,-5.264547723746026,256,False,6.679430070973467,38.326623271720294,0.7215189873417721,0.8598726114649682,0.07692307692307693,1
gsm8k_train_19,0.6,154,0.11913068351504275,0.3373723839882532,0.8046684143058481,0.08985282800284984,0.8808693164849573,alternative,0.36407603758017426,-0.6750258499619255,-6.670708150515681,-5.995682300553756,256,False,6.679430070973467,38.326623271720294,0.7215189873417721,0.8598726114649682,0.07692307692307693,1
gsm8k_train_19,0.7,179,0.17088578195600768,0.3461860650319474,0.7078335440494349,0.11319434409881604,0.8291142180439923,alternative,0.4562107884398847,-0.6358464171470981,-6.000934178959279,-5.365087761812181,256,False,6.679430070973467,38.326623271720294,0.7215189873417721,0.8598726114649682,0.07692307692307693,1
gsm8k_train_19,0.8,205,0.1327073360575436,0.26691625343304337,0.6911918541562525,0.15879021543597602,0.8672926639424564,verify,0.35768029833399034,-1.0103249955117928,-7.252095425323242,-6.241770429811449,256,False,6.679430070973467,38.326623271720294,0.7215189873417721,0.8598726114649682,0.07692307692307693,1
