condition,family,target_tau,id,baseline_length,attacked_length,length_ratio,control_error,predicted_length_ratio,curve_shift,extra_tokens,latency_ratio,mean_delta_risk,mean_delta_margin,risk_late_shift,margin_late_shift,weighted_margin_auc,probe_margin_mean_shift,probe_margin_late_shift,probe_weighted_margin_auc,baseline_onset_found,baseline_onset_marker,baseline_onset_token,attacked_onset_found,attacked_onset_marker,attacked_onset_token,onset_delay_ratio,preanswer_token_ratio,baseline_correct,attacked_correct,latency_sec,tokens_per_sec,distinct_2,distinct_3,repeat_4gram_rate,max_repeated_line_count
baseline,manual,,gsm8k_train_0,225,225,1.0,,,0.0,0,1.0,0.0,0.0,0.0,0.0,0.0,0.0,0.0,0.0,True,final answer,212,True,final answer,212,1.0,0.9422222222222222,True,True,8.119854000979103,27.709857834004058,0.9038461538461539,0.9805825242718447,0.0,3
baseline,manual,,gsm8k_train_1,962,962,1.0,,,0.0,0,1.0,0.0,0.0,0.0,0.0,0.0,0.0,0.0,0.0,False,,,False,,,,,False,False,31.681564773025457,30.364661811750942,0.6782477341389728,0.8078668683812406,0.11969696969696969,2
baseline,manual,,gsm8k_train_2,692,692,1.0,,,0.0,0,1.0,0.0,0.0,0.0,0.0,0.0,0.0,0.0,0.0,False,,,False,,,,,False,False,22.748095696035307,30.420128754804143,0.7407407407407407,0.8329466357308585,0.12558139534883722,3
baseline,manual,,gsm8k_train_3,299,299,1.0,,,0.0,0,1.0,0.0,0.0,0.0,0.0,0.0,0.0,0.0,0.0,False,,,False,,,,,False,False,9.829264805011917,30.419365632263837,0.900523560209424,0.968421052631579,0.0,4
baseline,manual,,gsm8k_train_4,320,320,1.0,,,0.0,0,1.0,0.0,0.0,0.0,0.0,0.0,0.0,0.0,0.0,True,final answer,298,True,final answer,298,1.0,0.93125,True,True,10.533163991989568,30.380235249670356,0.5885167464114832,0.7451923076923077,0.1497584541062802,3
baseline,manual,,gsm8k_train_5,302,302,1.0,,,0.0,0,1.0,0.0,0.0,0.0,0.0,0.0,0.0,0.0,0.0,True,final answer,282,True,final answer,282,1.0,0.9337748344370861,True,True,9.937944617995527,30.388577478399462,0.8488372093023255,0.9298245614035088,0.023529411764705882,5
baseline,manual,,gsm8k_train_6,197,197,1.0,,,0.0,0,1.0,0.0,0.0,0.0,0.0,0.0,0.0,0.0,0.0,True,final answer,190,True,final answer,190,1.0,0.9644670050761421,True,True,6.4777574019972235,30.411759467753598,0.84251968503937,0.9126984126984127,0.04,1
baseline,manual,,gsm8k_train_7,332,332,1.0,,,0.0,0,1.0,0.0,0.0,0.0,0.0,0.0,0.0,0.0,0.0,True,final answer,325,True,final answer,325,1.0,0.9789156626506024,True,True,11.188060752989259,29.67449027404461,0.7740112994350282,0.8920454545454546,0.05714285714285714,1
baseline,manual,,gsm8k_train_8,182,182,1.0,,,0.0,0,1.0,0.0,0.0,0.0,0.0,0.0,0.0,0.0,0.0,True,final answer,170,True,final answer,170,1.0,0.9340659340659341,False,False,5.992780077038333,30.369878029955252,0.8608695652173913,0.9298245614035088,0.04424778761061947,1
baseline,manual,,gsm8k_train_9,222,222,1.0,,,0.0,0,1.0,0.0,0.0,0.0,0.0,0.0,0.0,0.0,0.0,True,final answer,214,True,final answer,214,1.0,0.963963963963964,True,True,7.3187501190113835,30.333048183094377,0.7483443708609272,0.9666666666666667,0.006711409395973154,1
baseline,manual,,gsm8k_train_10,190,190,1.0,,,0.0,0,1.0,0.0,0.0,0.0,0.0,0.0,0.0,0.0,0.0,True,final answer,184,True,final answer,184,1.0,0.968421052631579,True,True,6.4039473430020735,29.669200857440355,0.803030303030303,0.9083969465648855,0.046153846153846156,1
baseline,manual,,gsm8k_train_11,200,200,1.0,,,0.0,0,1.0,0.0,0.0,0.0,0.0,0.0,0.0,0.0,0.0,True,final answer,192,True,final answer,192,1.0,0.96,True,True,6.561362700012978,30.481473002491448,0.8389830508474576,0.8974358974358975,0.06896551724137931,1
baseline,manual,,gsm8k_train_12,148,148,1.0,,,0.0,0,1.0,0.0,0.0,0.0,0.0,0.0,0.0,0.0,0.0,True,final answer,135,True,final answer,135,1.0,0.9121621621621622,True,True,4.968226639030036,29.789301244295604,0.7476635514018691,0.8301886792452831,0.11428571428571428,1
baseline,manual,,gsm8k_train_13,290,290,1.0,,,0.0,0,1.0,0.0,0.0,0.0,0.0,0.0,0.0,0.0,0.0,True,final answer,283,True,final answer,283,1.0,0.9758620689655172,True,True,9.533002413983922,30.420636375230554,0.9013157894736842,0.9735099337748344,0.0,2
baseline,manual,,gsm8k_train_14,213,213,1.0,,,0.0,0,1.0,0.0,0.0,0.0,0.0,0.0,0.0,0.0,0.0,True,final answer,207,True,final answer,207,1.0,0.971830985915493,True,True,7.1745050540193915,29.688459119653203,0.7254901960784313,0.8552631578947368,0.08609271523178808,1
baseline,manual,,gsm8k_train_15,504,504,1.0,,,0.0,0,1.0,0.0,0.0,0.0,0.0,0.0,0.0,0.0,0.0,True,final answer,486,True,final answer,486,1.0,0.9642857142857143,True,True,16.56863042799523,30.418929445635715,0.5609756097560976,0.6958041958041958,0.22807017543859648,2
baseline,manual,,gsm8k_train_16,323,323,1.0,,,0.0,0,1.0,0.0,0.0,0.0,0.0,0.0,0.0,0.0,0.0,True,final answer,315,True,final answer,315,1.0,0.9752321981424149,True,True,10.62019591400167,30.413751555576926,0.5939086294416244,0.7244897959183674,0.15897435897435896,2
baseline,manual,,gsm8k_train_17,271,271,1.0,,,0.0,0,1.0,0.0,0.0,0.0,0.0,0.0,0.0,0.0,0.0,True,final answer,263,True,final answer,263,1.0,0.9704797047970479,False,False,8.906862833013292,30.425976584655412,0.791907514450867,0.9127906976744186,0.03508771929824561,1
baseline,manual,,gsm8k_train_18,335,335,1.0,,,0.0,0,1.0,0.0,0.0,0.0,0.0,0.0,0.0,0.0,0.0,True,the final answer,320,True,the final answer,320,1.0,0.9552238805970149,True,True,11.252772463019937,29.77044111581504,0.7419354838709677,0.8703703703703703,0.05581395348837209,1
baseline,manual,,gsm8k_train_19,293,293,1.0,,,0.0,0,1.0,0.0,0.0,0.0,0.0,0.0,0.0,0.0,0.0,True,final answer,287,True,final answer,287,1.0,0.9795221843003413,True,True,9.629181476018857,30.42833918227695,0.7486033519553073,0.8764044943820225,0.06779661016949153,1
verbosity_1_light,verbosity,1.3,gsm8k_train_0,225,227,1.008888888888889,0.2911111111111111,1.2802091555476987,-0.002595159529962375,2,0.9198032208577247,0.002595159529962375,0.06430435180664062,-0.002447265582555754,-0.04828643798828125,-0.03251571655273437,0.12699515775843295,0.19605426723618757,0.06561476600340498,True,final answer,212,True,final answer,214,1.009433962264151,0.9511111111111111,True,True,7.468667862995062,30.393639691050495,0.9019607843137255,0.9801980198019802,0.0,3
verbosity_1_light,verbosity,1.3,gsm8k_train_1,962,906,0.9417879417879418,0.35821205821205826,1.2589732770378033,0.0013031033084955554,-56,0.9409595264189796,-0.0013031033084955554,-0.017578125,0.0010698393269318388,0.009765625,0.005664062500000001,0.07574903477048744,0.04770464344448211,0.0283298167188597,False,,,True,final answer,892,,0.9272349272349273,False,False,29.81107018503826,30.391394685814,0.760914760914761,0.8875,0.05636743215031315,14
verbosity_1_light,verbosity,1.3,gsm8k_train_2,692,500,0.7225433526011561,0.577456647398844,1.2630195405375961,0.0005603321239409976,-192,0.7325589848770648,-0.0005603321239409976,0.00201416015625,0.0012601257812054891,0.0478515625,0.014941406250000002,0.0015341680861176155,0.016144542970986997,0.000885082799728253,False,,,True,final answer,493,,0.7124277456647399,False,False,16.66432189097395,30.004221190111526,0.8366013071895425,0.9639344262295082,0.006578947368421052,1
verbosity_1_light,verbosity,1.3,gsm8k_train_3,299,315,1.0535117056856187,0.24648829431438135,1.2482915673722645,0.003263941039836086,16,1.0517398471885258,-0.003263941039836086,-0.04010009765625,0.005534545819827978,0.0841064453125,0.03040771484375,0.14109512097260524,0.16983576201705208,0.07721812181249792,False,,,True,final answer,309,,1.0334448160535117,False,True,10.337829463998787,30.47061291705179,0.9158415841584159,0.9800995024875622,0.0,1
verbosity_1_light,verbosity,1.3,gsm8k_train_4,320,259,0.809375,0.4906250000000001,1.263483622402992,0.00047514077718172846,-61,0.8085601011718025,-0.00047514077718172846,0.005232810974121094,0.00010177550328858802,-0.025602340698242188,-0.0076866149902343785,0.07259367223064528,0.06678169138195766,0.03644420790880902,True,final answer,298,True,final answer,251,0.8422818791946308,0.784375,True,True,8.516696143022273,30.41085365152996,0.8,0.9022988505747126,0.046242774566473986,1
verbosity_1_light,verbosity,1.3,gsm8k_train_5,302,325,1.076158940397351,0.223841059602649,1.2643532599145921,0.0003155017213818641,23,1.102678373165492,-0.0003155017213818641,-0.010471343994140625,0.0012102203718808817,0.036865234375,0.009491729736328124,0.11120236487863666,0.13871042284489254,0.06738009457502998,True,final answer,282,True,final answer,305,1.0815602836879432,1.009933774834437,True,True,10.958356603980064,29.65773169691889,0.8434343434343434,0.9137055837563451,0.05102040816326531,1
verbosity_1_light,verbosity,1.3,gsm8k_train_6,197,182,0.9238578680203046,0.3761421319796955,1.269296016666435,-0.0005918384179143732,-15,0.9475321581382675,0.0005918384179143732,0.017822265625,-0.00041843513190527835,-0.01611328125,-0.007128906250000001,0.11922325395930611,0.19417206928615283,0.07361122125766739,True,final answer,190,True,final answer,175,0.9210526315789473,0.8883248730964467,True,True,6.137883451010566,29.65191526568247,0.9473684210526315,0.9911504424778761,0.0,1
verbosity_1_light,verbosity,1.3,gsm8k_train_7,332,355,1.069277108433735,0.23072289156626513,1.2701674403508778,-0.0007518053608422082,23,1.062276619642773,0.0007518053608422082,0.06529712677001953,-0.0004841257732853539,-0.05486297607421875,-0.03419303894042969,0.006151952093203628,0.03783064816531345,0.005258627556784568,True,final answer,325,False,,,,,True,True,11.884815357043408,29.870047563642885,0.7704918032786885,0.8736263736263736,0.06629834254143646,1
verbosity_1_light,verbosity,1.3,gsm8k_train_8,182,286,1.5714285714285714,0.27142857142857135,1.255207467034027,0.0019943917422456936,104,1.5850900805435986,-0.0019943917422456936,-0.03369140625,0.002075992124427193,0.0341796875,0.014892578125,0.020782192090440965,-0.02154730880130673,0.0035844314520064625,True,final answer,170,True,final answer,277,1.6294117647058823,1.521978021978022,False,True,9.499096254992764,30.10812737576769,0.7965116279069767,0.9005847953216374,0.052941176470588235,2
verbosity_1_light,verbosity,1.3,gsm8k_train_9,222,406,1.8288288288288288,0.5288288288288288,1.2789298734078394,-0.0023603221521071313,184,1.8711163518843412,0.0023603221521071313,0.07302689552307129,-0.004357153251728401,-0.08597993850708008,-0.04445362091064453,0.07167307697024228,0.06684041298585441,0.0338457928681525,True,final answer,214,True,final answer,393,1.8364485981308412,1.7702702702702702,True,True,13.694233023037668,29.64751653612074,0.65,0.8136200716845878,0.07194244604316546,1
verbosity_1_light,verbosity,1.3,gsm8k_train_10,190,332,1.7473684210526317,0.44736842105263164,1.253607804144447,0.002288041302992812,142,1.7512582450001097,-0.002288041302992812,-0.13669586181640625,0.0032805103281368913,0.1230010986328125,0.055157470703125,0.07189302502233086,0.027762037123665095,0.025465398317361387,True,final answer,184,True,final answer,324,1.7608695652173914,1.7052631578947368,True,True,11.214965584978927,29.603300829087996,0.6649746192893401,0.7959183673469388,0.12307692307692308,4
verbosity_1_light,verbosity,1.3,gsm8k_train_11,200,294,1.47,0.16999999999999993,1.2461408648296506,0.0036587447582008257,94,1.47544259030282,-0.0036587447582008257,-0.10723876953125,0.0026244041759324772,0.0777587890625,0.05179443359375001,0.06224380327207668,-0.02592862685231978,0.02182689882683211,True,final answer,192,True,final answer,276,1.4375,1.38,True,True,9.680913978023455,30.36903340608195,0.7301587301587301,0.8563829787234043,0.0748663101604278,1
verbosity_1_light,verbosity,1.3,gsm8k_train_12,148,218,1.472972972972973,0.17297297297297298,1.297293778583446,-0.0057313778436188,70,1.4661412689554352,0.0057313778436188,0.08235677083333333,-0.003718264366204385,-0.04296875,-0.0265625,0.14333378810731437,0.08224106382042606,0.057296904022878264,True,final answer,135,False,,,,,True,True,7.284122109005693,29.928108938546846,0.7846153846153846,0.8837209302325582,0.0703125,3
verbosity_1_light,verbosity,1.3,gsm8k_train_13,290,376,1.296551724137931,0.0034482758620690834,1.2657026418128834,6.779615523138847e-05,86,1.3288745315375206,-6.779615523138847e-05,0.0017170906066894531,0.00038205089407194505,-0.0,-0.0021012306213378917,0.14544994438209335,0.09418041059301707,0.06114584943718828,True,final answer,283,False,,,,,True,True,12.668164117028937,29.68070168072493,0.824390243902439,0.9215686274509803,0.03940886699507389,4
verbosity_1_light,verbosity,1.3,gsm8k_train_14,213,286,1.3427230046948357,0.0427230046948357,1.2865344639283678,-0.0037562941913167275,73,1.3442371824083266,0.0037562941913167275,0.080108642578125,-0.0028302541738036077,-0.035400390625,-0.026837158203125003,0.06205905970355374,0.04230293077341285,0.023903456410759506,True,final answer,207,True,final answer,273,1.318840579710145,1.2816901408450705,True,True,9.644236458989326,29.655017399891868,0.8333333333333334,0.9161290322580645,0.045454545454545456,2
verbosity_1_light,verbosity,1.3,gsm8k_train_15,504,539,1.0694444444444444,0.23055555555555562,1.2299156657778416,0.006637198909781018,35,1.0712775364354927,-0.006637198909781018,-0.0972900390625,0.011328297048295567,0.111328125,0.056298828125000006,0.04800303087288138,-0.01231898576777235,0.009894143752705233,True,final answer,486,True,final answer,522,1.0740740740740742,1.0357142857142858,True,True,17.749601587012876,30.366878792050095,0.664576802507837,0.7861635220125787,0.13249211356466878,10
verbosity_1_light,verbosity,1.3,gsm8k_train_16,323,372,1.151702786377709,0.1482972136222911,1.2658286041606857,4.467329081802793e-05,49,1.1549558510314841,-4.467329081802793e-05,-0.006500244140625,0.0017208101100080822,0.046051025390625,0.0125518798828125,0.12717371826720392,0.09017860781103293,0.05913513638230788,True,final answer,315,True,final answer,364,1.1555555555555554,1.1269349845201238,True,False,12.265857409976888,30.328087761514336,0.7272727272727273,0.8257261410788381,0.1125,3
verbosity_1_light,verbosity,1.3,gsm8k_train_17,271,344,1.2693726937269372,0.03062730627306287,1.2346971065287013,0.0057594714927269135,73,1.271892364054404,-0.0057594714927269135,-0.073974609375,0.008341496454159436,0.109375,0.03955078125,0.18230429713103913,0.2525661447830676,0.11498826305404464,True,final answer,263,True,final answer,335,1.273764258555133,1.2361623616236161,False,True,11.328570824989583,30.36570149176927,0.895,0.964824120603015,0.010101010101010102,1
verbosity_1_light,verbosity,1.3,gsm8k_train_18,335,408,1.217910447761194,0.0820895522388061,1.280791459244346,-0.0027020528172016518,73,1.2240206639081583,0.0027020528172016518,0.14364498853683472,-0.0025489173466127207,-0.05584716796875,-0.05552318096160889,0.04377422934594111,0.004000161388148182,0.012973101928299969,True,the final answer,320,False,,,,,True,True,13.773626020993106,29.621829384516886,0.5795918367346938,0.8032786885245902,0.07407407407407407,1
verbosity_1_light,verbosity,1.3,gsm8k_train_19,293,300,1.023890784982935,0.276109215017065,1.2460493697283428,0.0036755404821527983,7,1.0509274023092425,-0.0036755404821527983,-0.0595703125,0.002811901396820901,0.05859375,0.025927734375,0.0731082661034963,0.09813429283280328,0.041164600984151936,True,final answer,287,True,final answer,294,1.024390243902439,1.0034129692832765,True,True,10.119570674956776,29.645526439418973,0.6904761904761905,0.8083832335329342,0.14457831325301204,1
verbosity_2_medium,verbosity,2.0,gsm8k_train_0,225,225,1.0,1.0,1.2681145635597322,-0.0003749594816794379,0,0.9120495523819461,0.0003749594816794379,0.0024051666259765625,-0.0019596114726498914,-0.023609161376953125,-0.007229232788085936,0.07532643869670164,0.1587327996982575,0.045783309223363086,True,final answer,212,True,final answer,212,1.0,0.9422222222222222,True,True,7.405709206999745,30.381965279886224,0.9038461538461539,0.9805825242718447,0.0,3
verbosity_2_medium,verbosity,2.0,gsm8k_train_1,962,470,0.4885654885654886,1.5114345114345114,1.2690348507776732,-0.000543896286471177,-492,0.4890414891436567,0.000543896286471177,0.009765625,-0.0011601009486586766,-0.015625,-0.008593750000000002,0.027101687462542268,-0.0035133675320850877,0.006203083111681452,False,,,False,,,,,False,False,15.493599615001585,30.335106862121652,0.7574850299401198,0.8708708708708709,0.06927710843373494,11
verbosity_2_medium,verbosity,2.0,gsm8k_train_2,692,363,0.5245664739884393,1.4754335260115607,1.2646612858135353,0.00025895751415381185,-329,0.5388582415776481,-0.00025895751415381185,0.00396728515625,0.0006324269948798384,0.0244140625,0.008544921875,-0.005222801994333892,0.06777767133247448,0.008189917793472333,False,,,False,,,,,False,False,12.257998846005648,29.61331654214391,0.7827868852459017,0.9176954732510288,0.04132231404958678,1
verbosity_2_medium,verbosity,2.0,gsm8k_train_3,299,282,0.9431438127090301,1.0568561872909699,1.2625210186491405,0.0006518456137652798,-17,0.9684119809409701,-0.0006518456137652798,-0.02166748046875,1.924214180270417e-05,0.0150146484375,0.01202392578125,0.16946619734157875,0.2455779337762074,0.10289719600233699,False,,,True,the final answer,274,,0.9163879598662207,False,True,9.518777801014949,29.625652147267424,0.893048128342246,0.956989247311828,0.021621621621621623,1
verbosity_2_medium,verbosity,2.0,gsm8k_train_4,320,316,0.9875,1.0125,1.2613664744767252,0.0008637848862840412,-4,1.011690818646398,-0.0008637848862840412,-0.034560203552246094,0.0008663198993345347,0.04531669616699219,0.021584320068359378,0.03970751250291005,0.05200333173703742,0.029861283948865804,True,final answer,298,True,final answer,308,1.0335570469798658,0.9625,True,True,10.656305301992688,29.653805052010775,0.8118279569892473,0.9135135135135135,0.03804347826086957,3
verbosity_2_medium,verbosity,2.0,gsm8k_train_5,302,349,1.1556291390728477,0.8443708609271523,1.261360275424014,0.0008649228442360176,47,1.1709710790676313,-0.0008649228442360176,-0.029201507568359375,0.0014406298791600092,0.0504150390625,0.018083953857421876,0.10206114927396515,0.1019991775250002,0.05445248314393632,True,final answer,282,True,final answer,342,1.2127659574468086,1.1324503311258278,True,True,11.63704573304858,29.990429530482885,0.8109452736318408,0.92,0.03015075376884422,1
verbosity_2_medium,verbosity,2.0,gsm8k_train_6,197,235,1.1928934010152283,0.8071065989847717,1.2646158916705812,0.00026729050120117203,38,1.2014314558316783,-0.00026729050120117203,-0.0203857421875,0.0004005537943035549,0.016845703125,0.011425781250000001,0.1827419739241425,0.2947508108936434,0.11478993087078002,True,final answer,190,True,final answer,227,1.194736842105263,1.1522842639593909,True,True,7.782581506005954,30.195636218990625,0.8676470588235294,0.9407407407407408,0.022388059701492536,2
verbosity_2_medium,verbosity,2.0,gsm8k_train_7,332,491,1.4789156626506024,0.5210843373493976,1.2701923779518134,-0.0007563831475799936,159,1.4828617579264585,0.0007563831475799936,0.061837196350097656,-0.0005092436598560699,-0.05091094970703125,-0.03387870788574219,-0.014197447852300149,0.003305982010339381,-0.013833876227911547,True,final answer,325,True,final answer,452,1.3907692307692308,1.3614457831325302,True,True,16.59034743596567,29.595522450336226,0.6447876447876448,0.7790697674418605,0.12062256809338522,6
verbosity_2_medium,verbosity,2.0,gsm8k_train_8,182,269,1.478021978021978,0.5219780219780219,1.2665544138505596,-8.856334172859144e-05,87,1.4788361832192127,8.856334172859144e-05,0.004638671875,-0.0007456834465714782,-0.01513671875,-0.00830078125,0.015338338464640389,-0.006286565303387004,0.0035651864159948156,True,final answer,170,True,final answer,258,1.5176470588235293,1.4175824175824177,False,True,8.862340015999507,30.353157237745837,0.8544303797468354,0.9235668789808917,0.04487179487179487,2
verbosity_2_medium,verbosity,2.0,gsm8k_train_9,222,337,1.518018018018018,0.48198198198198194,1.2829018016613323,-0.003089447641330385,115,1.5554272070871733,0.003089447641330385,0.07332825660705566,-0.006426974962819989,-0.12503480911254883,-0.051506233215332035,0.16753945398849712,0.15961747093395795,0.08504073723924051,True,final answer,214,True,final answer,319,1.4906542056074767,1.436936936936937,True,True,11.383783056982793,29.603515660225515,0.7475247524752475,0.8805970149253731,0.055,6
verbosity_2_medium,verbosity,2.0,gsm8k_train_10,190,272,1.431578947368421,0.5684210526315789,1.255238969508613,0.0019886088439332707,82,1.4087206844237927,-0.0019886088439332707,-0.1085662841796875,0.002974385550873924,0.108734130859375,0.046716308593750006,0.041997523753430466,-0.048056016436386795,0.004530446936374589,True,final answer,184,True,the final answer,259,1.4076086956521738,1.3631578947368421,True,True,9.02137308404781,30.150620916118463,0.6972972972972973,0.8206521739130435,0.10382513661202186,1
verbosity_2_medium,verbosity,2.0,gsm8k_train_11,200,335,1.675,0.32499999999999996,1.2511653019711355,0.002736410578162487,135,1.6846507422847363,-0.002736410578162487,-0.08453369140625,0.0022375863241885317,0.0767822265625,0.04481201171875,0.05548832175467289,-0.06685629999406695,-2.1949979968290166e-05,True,final answer,192,False,,,,,True,True,11.053604542976245,30.306855894611132,0.7439613526570048,0.8689320388349514,0.06829268292682927,1
verbosity_2_medium,verbosity,2.0,gsm8k_train_12,148,201,1.3581081081081081,0.6418918918918919,1.2847760212841317,-0.003433497486184348,53,1.3671977257695467,0.003433497486184348,0.0390625,-0.004928629360356485,-0.056640625,-0.013671875,0.029747200657715744,0.06792192698506572,0.022714224544671067,True,final answer,135,False,,,,,True,True,6.792548161989544,29.59125135465023,0.8738738738738738,0.9636363636363636,0.009174311926605505,3
verbosity_2_medium,verbosity,2.0,gsm8k_train_13,290,292,1.006896551724138,0.993103448275862,1.2618789583012076,0.0007697084087152524,2,1.0361017431950632,-0.0007697084087152524,-0.018427371978759766,-0.0005080375017031159,-0.020263671875,0.00016984939575195347,0.1305553182429231,0.10204361019590236,0.06117489792041622,True,final answer,283,True,final answer,284,1.0035335689045937,0.9793103448275862,True,True,9.877160419011489,29.563152526910514,0.9013157894736842,0.9735099337748344,0.0,2
verbosity_2_medium,verbosity,2.0,gsm8k_train_14,213,231,1.0845070422535212,0.9154929577464788,1.2742467048646033,-0.0015006345300563094,18,1.0875032019975608,0.0015006345300563094,0.044158935546875,0.0014783678864475902,0.01513671875,-0.008978271484375001,0.020514975143951286,0.06851415477788159,0.009010064231390433,True,final answer,207,True,final answer,219,1.0579710144927537,1.028169014084507,True,True,7.802297218993772,29.60666500087407,0.8661971830985915,0.9645390070921985,0.0,1
verbosity_2_medium,verbosity,2.0,gsm8k_train_15,504,467,0.9265873015873016,1.0734126984126984,1.2303409723430094,0.006559125531409903,-37,0.9285960287971468,-0.006559125531409903,-0.1031494140625,0.010590747985213759,0.11865234375,0.05625,0.07002782162578058,0.06014368217128263,0.030669598995404668,True,final answer,486,True,final answer,447,0.9197530864197531,0.8869047619047619,True,True,15.385564418043941,30.35312760137093,0.6917293233082706,0.8,0.125,2
verbosity_2_medium,verbosity,2.0,gsm8k_train_16,323,274,0.848297213622291,1.151702786377709,1.257652035734842,0.0015456431153403546,-49,0.8544538927062414,-0.0015456431153403546,-0.0384063720703125,0.001763766997845126,0.04931640625,0.020230102539062503,0.11739853420227053,0.029677835876359637,0.05091050571498523,True,final answer,315,True,final answer,266,0.8444444444444444,0.8235294117647058,True,False,9.074467740021646,30.19460841670769,0.7158469945355191,0.8241758241758241,0.11049723756906077,2
verbosity_2_medium,verbosity,2.0,gsm8k_train_17,271,556,2.0516605166051662,0.05166051660516624,1.2462907236170522,0.003631235232674418,285,2.052923795819965,-0.003631235232674418,-0.04400634765625,0.007475357054640641,0.1038818359375,0.032421875,0.08830667986935525,0.11043221802070313,0.056366183556898125,True,final answer,263,True,the final answer,541,2.0570342205323193,1.996309963099631,False,False,18.285110655997414,30.407253773858628,0.8737541528239202,0.93,0.043478260869565216,9
verbosity_2_medium,verbosity,2.0,gsm8k_train_18,335,364,1.0865671641791044,0.9134328358208956,1.2907158270986083,-0.004523865575427345,29,1.091327997556077,0.004523865575427345,0.16622787714004517,-0.0063665937458414566,-0.10394287109375,-0.07532293796539308,0.14979018074188222,0.1331889180680248,0.07029036063885119,True,the final answer,320,True,final answer,330,1.03125,0.9850746268656716,True,True,12.280465639021713,29.640569885507777,0.7535545023696683,0.8761904761904762,0.06698564593301436,2
verbosity_2_medium,verbosity,2.0,gsm8k_train_19,293,296,1.0102389078498293,0.9897610921501707,1.239595402631613,0.004860292979304655,3,1.0353946549642725,-0.004860292979304655,-0.084716796875,0.0041741606748998406,0.08837890625,0.03989257812500001,0.18864147578577772,0.10387649624904016,0.08001721710444479,True,final answer,287,True,final answer,289,1.0069686411149825,0.9863481228668942,True,True,9.97000303195091,29.689058172942133,0.6829268292682927,0.803680981595092,0.14814814814814814,1
verbosity_3_strong,verbosity,3.0,gsm8k_train_0,225,451,2.0044444444444443,0.9955555555555557,1.2712152382717075,-0.0009441492610524358,226,1.846563017290528,0.0009441492610524358,0.02435302734375,-0.003800988437795902,-0.0797119140625,-0.03228759765625,0.4042120267416056,0.6777861906316645,0.23348852499811698,True,final answer,212,True,final answer,438,2.0660377358490565,1.9466666666666668,True,True,14.99382210400654,30.07905501823228,0.7215189873417721,0.8516949152542372,0.08085106382978724,5
verbosity_3_strong,verbosity,3.0,gsm8k_train_1,962,635,0.66008316008316,2.3399168399168397,1.2280242731444981,0.006984401198212833,-327,0.6752759341355189,-0.006984401198212833,-0.107421875,0.006467830419695321,0.064453125,0.0400390625,0.15823713264128259,0.12354805674589997,0.0688388820253612,False,,,True,final answer,620,,0.6444906444906445,False,False,21.393798246979713,29.6814989404533,0.7263427109974424,0.8512820512820513,0.07455012853470437,2
verbosity_3_strong,verbosity,3.0,gsm8k_train_2,692,562,0.8121387283236994,2.187861271676301,1.2585340745074736,0.0013837275643624688,-130,0.8132448261247184,-0.0013837275643624688,-0.042724609375,0.0029592675704893405,0.1416015625,0.04990234375,0.07285694502586981,0.110355395979997,0.039680006650850606,False,,,True,final answer,499,,0.7210982658959537,False,False,18.499771128990687,30.378754206277666,0.7455470737913485,0.8647959183673469,0.07672634271099744,2
verbosity_3_strong,verbosity,3.0,gsm8k_train_3,299,290,0.9698996655518395,2.0301003344481607,1.2166014185697407,0.009081290642986064,-9,0.9888039737278809,-0.009081290642986064,-0.17596435546875,0.015022134981370297,0.2386474609375,0.09161376953125,0.36144141429260235,0.4588793712593495,0.19413150265438947,False,,,True,final answer,252,,0.842809364548495,False,True,9.719216098019388,29.837797315680337,0.8908045977011494,0.9653179190751445,0.011627906976744186,1
verbosity_3_strong,verbosity,3.0,gsm8k_train_4,320,542,1.69375,1.30625,1.2516344491240297,0.002650289398337354,222,1.7323298975418595,-0.002650289398337354,-0.10280323028564453,0.0025153930262315017,0.11612892150878906,0.05774002075195313,0.14908976230609117,0.15812361370505235,0.0800692395560926,True,final answer,298,True,final answer,509,1.7080536912751678,1.590625,True,True,18.24691489903489,29.703651439108057,0.7560975609756098,0.8623853211009175,0.0736196319018405,7
verbosity_3_strong,verbosity,3.0,gsm8k_train_5,302,642,2.1258278145695364,0.8741721854304636,1.2550674662181485,0.0020200916433653635,340,2.175221959666336,-0.0020200916433653635,-0.054935455322265625,0.0015993467503383797,0.03729248046875,0.02803421020507813,0.21447409092520964,0.31137716712299834,0.13455825061318266,True,final answer,282,True,final answer,599,2.124113475177305,1.9834437086092715,True,True,21.617235367011745,29.69852476971697,0.8067885117493473,0.8848167539267016,0.07086614173228346,6
verbosity_3_strong,verbosity,3.0,gsm8k_train_6,197,305,1.5482233502538072,1.4517766497461928,1.2634683794690782,0.0004779389172632244,108,1.5629556634688895,-0.0004779389172632244,-0.0125732421875,-0.0007238249369122679,-0.023681640625,0.00019531250000000017,0.2806212018714722,0.5079354854002758,0.1820029212624087,True,final answer,190,False,,,,,True,True,10.12444761802908,30.12510030244733,0.9095238095238095,0.9712918660287081,0.009615384615384616,1
verbosity_3_strong,verbosity,3.0,gsm8k_train_7,332,446,1.3433734939759037,1.6566265060240963,1.2664209452694664,-6.406256067850334e-05,114,1.3134636926283805,6.406256067850334e-05,0.014410018920898438,-0.0005186911893130201,-0.05175018310546875,-0.015284729003906252,0.06699365233012622,0.09864583782732561,0.03246629066081237,True,final answer,325,True,final answer,407,1.2523076923076923,1.2259036144578312,True,True,14.69511158997193,30.35022886824175,0.6338582677165354,0.7707509881422925,0.15476190476190477,3
verbosity_3_strong,verbosity,3.0,gsm8k_train_8,182,435,2.39010989010989,0.6098901098901099,1.2464271294930669,0.0036061952534162944,253,2.3892724501700546,-0.0036061952534162944,-0.06005859375,0.003629897473518294,0.0595703125,0.022705078125,0.10787261855945673,0.1503386013921011,0.06887764566785082,True,final answer,170,True,final answer,422,2.4823529411764707,2.318681318681319,False,True,14.318384337995667,30.380522671519007,0.8028673835125448,0.8920863309352518,0.061371841155234655,2
verbosity_3_strong,verbosity,3.0,gsm8k_train_9,222,603,2.7162162162162162,0.28378378378378377,1.289211123774027,-0.0042476477090279486,381,2.7478466116438542,0.0042476477090279486,0.08201742172241211,-0.00936082308135831,-0.17192363739013672,-0.06113700866699219,0.20932369508900472,0.17176097239854426,0.1039315444760811,True,final answer,214,True,final answer,589,2.7523364485981308,2.6531531531531534,True,True,20.110802715993486,29.98388520416707,0.5953488372093023,0.7738927738927739,0.10981308411214953,1
verbosity_3_strong,verbosity,3.0,gsm8k_train_10,190,352,1.8526315789473684,1.1473684210526316,1.2426776155975021,0.004294492216245104,162,1.8534739318196625,-0.004294492216245104,-0.22876739501953125,0.005920480923635417,0.2085113525390625,0.100982666015625,0.14230723308147808,0.1916057982550452,0.08053234231872315,True,final answer,184,False,,,,,True,True,11.869549461000133,29.655717022501065,0.8055555555555556,0.9023255813953488,0.06074766355140187,4
verbosity_3_strong,verbosity,3.0,gsm8k_train_11,200,494,2.47,0.5299999999999998,1.222789576931634,0.007945332562917911,294,2.5427558183857393,-0.007945332562917911,-0.23486328125,0.00873357107660467,0.263671875,0.129248046875,0.25480494537634013,0.13911072503568578,0.11239198579576817,True,final answer,192,True,final answer,476,2.4791666666666665,2.38,True,True,16.683943181997165,29.609307260950846,0.7696969696969697,0.8662613981762918,0.07926829268292683,1
verbosity_3_strong,verbosity,3.0,gsm8k_train_12,148,198,1.337837837837838,1.662162162162162,1.2594065715306364,0.0012235635890187728,50,1.3476270358468456,-0.0012235635890187728,-0.049479166666666664,-0.006328259233904621,-0.072265625,0.012109374999999999,0.21061426424836416,0.09730559656028959,0.07776448715550603,True,final answer,135,True,final answer,192,1.4222222222222223,1.2972972972972974,True,True,6.695316538971383,29.57291098150517,0.8428571428571429,0.9280575539568345,0.036231884057971016,1
verbosity_3_strong,verbosity,3.0,gsm8k_train_13,290,512,1.7655172413793103,1.2344827586206897,1.2571073938296105,0.0016456228406171447,222,1.776046251926756,-0.0016456228406171447,-0.04711341857910156,0.0006343693259389677,0.01416015625,0.015965652465820313,0.28579572448801494,0.3545710999142715,0.15255149793440967,True,final answer,283,True,final answer,492,1.7385159010600706,1.696551724137931,True,True,16.93105320696486,30.240292422528125,0.7730263157894737,0.8745874587458746,0.08609271523178808,1
verbosity_3_strong,verbosity,3.0,gsm8k_train_14,213,241,1.1314553990610328,1.8685446009389672,1.2555602115755924,0.001929638549331542,28,1.1334730621475628,-0.001929638549331542,0.00152587890625,0.0031442168254524686,0.03369140625,0.00843505859375,0.23275005542885374,0.28893835523559375,0.11532637879673527,True,final answer,207,True,final answer,229,1.106280193236715,1.0751173708920188,True,True,8.132108212972526,29.635611539889652,0.8,0.9308176100628931,0.012658227848101266,1
verbosity_3_strong,verbosity,3.0,gsm8k_train_15,504,362,0.7182539682539683,2.2817460317460316,1.1987588749992903,0.012356640165815636,-142,0.7375703009444499,-0.012356640165815636,-0.1920166015625,0.018674200160752615,0.1904296875,0.098291015625,0.2605152216677027,0.21547787584617062,0.11673470876025305,True,final answer,486,True,final answer,347,0.7139917695473251,0.6884920634920635,True,True,12.220529731013812,29.62228380994811,0.7184873949579832,0.8143459915611815,0.13983050847457626,2
verbosity_3_strong,verbosity,3.0,gsm8k_train_16,323,416,1.2879256965944272,1.7120743034055728,1.2393067861296583,0.004913274210272401,93,1.3211187143402896,-0.004913274210272401,-0.119537353515625,0.0038307646281837172,0.10858154296875,0.05694580078125,0.25958516256765507,0.16394311608180878,0.1235171526447465,True,final answer,315,False,,,,,True,True,14.030539571947884,29.64960811854551,0.6946564885496184,0.8084291187739464,0.12307692307692308,1
verbosity_3_strong,verbosity,3.0,gsm8k_train_17,271,356,1.3136531365313653,1.6863468634686347,1.1951731056305688,0.01301487860275408,85,1.3273277878700127,-0.01301487860275408,-0.20098876953125,0.018259474908775126,0.2474365234375,0.1095703125,0.3205437613645692,0.44006916206105373,0.1964178838094758,True,final answer,263,True,final answer,341,1.296577946768061,1.2583025830258303,False,False,11.822326541005168,30.11251624333258,0.8248847926267281,0.9305555555555556,0.018604651162790697,1
verbosity_3_strong,verbosity,3.0,gsm8k_train_18,335,410,1.2238805970149254,1.7761194029850746,1.3006833191210845,-0.006353594622226084,75,1.2282829304847083,0.006353594622226084,0.21261847019195557,-0.008525840998646625,-0.12738037109375,-0.09007058143615723,0.19790144551493438,0.2379452904325805,0.1086450593230099,True,the final answer,320,True,final answer,393,1.228125,1.173134328358209,True,True,13.821588336955756,29.66373979637015,0.56,0.751004016064257,0.08870967741935484,1
verbosity_3_strong,verbosity,3.0,gsm8k_train_19,293,503,1.7167235494880546,1.2832764505119454,1.2549080428358417,0.002049356938254747,210,1.7610434900692513,-0.002049356938254747,-0.034423828125,0.0036887332168665937,0.08251953125,0.026708984375,0.19387311505678473,0.25546704484284355,0.10954035959083934,True,final answer,287,True,final answer,484,1.6864111498257839,1.651877133105802,True,True,16.957407353038434,29.662553333064345,0.7635782747603834,0.8846153846153846,0.05466237942122187,1
careful_double_check,deliberation,1.3,gsm8k_train_0,225,224,0.9955555555555555,0.3044444444444445,1.2876758500913266,-0.003965818052612066,-1,0.9302601353597773,0.003965818052612066,0.08207321166992188,-0.007411253602714288,-0.13436126708984375,-0.057422637939453125,0.0564511980479816,0.17286521184264814,0.04102142734252645,True,final answer,212,True,final answer,211,0.9952830188679245,0.9377777777777778,True,True,7.553576482052449,29.654826496062032,0.8770491803278688,0.9586776859504132,0.0,1
careful_double_check,deliberation,1.3,gsm8k_train_1,962,391,0.40644490644490644,0.8935550935550935,1.2558872630158247,0.0018696018301005493,-571,0.412977950923809,-0.0018696018301005493,-0.021484375,0.0026476197523191206,0.0234375,0.0078125,0.05721886362816986,0.06490111072088967,0.02982617236025087,False,,,False,,,,,False,False,13.083787702023983,29.884312471648762,0.8818897637795275,0.9565217391304348,0.011904761904761904,1
careful_double_check,deliberation,1.3,gsm8k_train_2,692,626,0.9046242774566474,0.3953757225433526,1.2640628729222947,0.00036880796064658644,-66,0.907960415982123,-0.00036880796064658644,-0.0111083984375,0.0008402221158242146,0.0400390625,0.0162353515625,-0.01891109066864516,0.0161841664858553,-0.00589404670691849,False,,,False,,,,,False,False,20.65437043097336,30.308355420083316,0.7122302158273381,0.8389423076923077,0.09156626506024096,7
careful_double_check,deliberation,1.3,gsm8k_train_3,299,405,1.354515050167224,0.05451505016722402,1.2649178739941316,0.00021185571100782244,106,1.3879629747147286,-0.00021185571100782244,-0.0350341796875,-0.0021657985285630822,-0.026611328125,0.0031982421875000016,-0.04732367356374145,0.07391252066385468,-0.0003008558258024187,False,,,True,the final answer,390,,1.3043478260869565,False,True,13.642655618023127,29.686302384189776,0.8512396694214877,0.941908713692946,0.0125,6
careful_double_check,deliberation,1.3,gsm8k_train_4,320,304,0.95,0.3500000000000001,1.2622987528630913,0.0006926468668715237,-16,0.9730199181207437,-0.0006926468668715237,-0.008906364440917969,0.0003328813478400182,-0.009531021118164062,-4.6539306640624306e-05,-0.015617858029556286,0.012817529932898974,0.006654255132796206,True,final answer,298,True,final answer,296,0.9932885906040269,0.925,True,True,10.248978365038056,29.6614929969043,0.8333333333333334,0.9261083743842364,0.0297029702970297,1
careful_double_check,deliberation,1.3,gsm8k_train_5,302,333,1.1026490066225165,0.19735099337748352,1.2688353887288744,-0.0005072811074874973,31,1.1307431291809513,0.0005072811074874973,0.005664825439453125,0.000373426022960718,0.03076171875,0.0021873474121093745,0.0025233368773041054,0.058973104945035715,0.015839382699438256,True,final answer,282,True,final answer,313,1.1099290780141844,1.0364238410596027,True,True,11.237262594979256,29.633551515364825,0.8134715025906736,0.9010416666666666,0.04712041884816754,5
careful_double_check,deliberation,1.3,gsm8k_train_6,197,171,0.868020304568528,0.4319796954314721,1.2740672149343004,-0.0014676856259244948,-26,0.8896976507984742,0.0014676856259244948,0.056396484375,-0.003033314458300653,-0.122314453125,-0.041162109375,0.06210197438165177,0.1328290519199813,0.04462304369689134,True,final answer,190,False,,,,,True,True,5.763245542999357,29.670781632358967,0.8962264150943396,0.9523809523809523,0.019230769230769232,1
careful_double_check,deliberation,1.3,gsm8k_train_7,332,419,1.2620481927710843,0.03795180722891578,1.2692121761244721,-0.0005764478387613754,87,1.2625235858901127,0.0005764478387613754,0.05781841278076172,-0.0005207782795191148,-0.052093505859375,-0.03028984069824219,-0.019514072084826806,0.01551683059275355,-0.008591171825133517,True,final answer,325,True,final answer,380,1.1692307692307693,1.144578313253012,True,True,14.125190581020433,29.663316582998668,0.6791666666666667,0.8075313807531381,0.10504201680672269,2
careful_double_check,deliberation,1.3,gsm8k_train_8,182,269,1.478021978021978,0.17802197802197806,1.278767650985195,-0.0023305430383556407,87,1.5124155861770328,0.0023305430383556407,0.043212890625,-0.0024756031076867205,-0.04541015625,-0.02490234375,0.0043977828798134055,-0.04354403911068916,-0.0070763023611263975,True,final answer,170,True,final answer,258,1.5176470588235293,1.4175824175824177,False,True,9.063573993043974,29.67924134634412,0.8544303797468354,0.9235668789808917,0.04487179487179487,2
careful_double_check,deliberation,1.3,gsm8k_train_9,222,395,1.7792792792792793,0.47927927927927927,1.2859378441518747,-0.0036467729062750827,173,1.821424492191166,0.0036467729062750827,0.07902765274047852,-0.007846177972234584,-0.14653491973876953,-0.056181716918945315,0.05498420617975075,0.005954244508121764,0.020042125424157217,True,final answer,214,False,,,,,True,True,13.330550718994346,29.63118391179256,0.5927272727272728,0.7664233576642335,0.13553113553113552,1
careful_double_check,deliberation,1.3,gsm8k_train_10,190,270,1.4210526315789473,0.1210526315789473,1.2595093422836812,0.001204697997595838,80,1.4003328810646514,-0.001204697997595838,-0.0724945068359375,0.0019640429765961104,0.069793701171875,0.02899169921875,0.010515972106333482,-0.02031598577716931,-0.0009412186362145903,True,final answer,184,True,final answer,262,1.423913043478261,1.3789473684210527,True,True,8.967658033012412,30.10819536227361,0.7530120481927711,0.8606060606060606,0.07317073170731707,2
careful_double_check,deliberation,1.3,gsm8k_train_11,200,221,1.105,0.19500000000000006,1.2579511923557045,0.0014907270384074607,21,1.1134705804258078,-0.0014907270384074607,-0.0399169921875,0.00017230140107297488,0.016845703125,0.020385742187500003,0.1069373494684529,0.04770507374169686,0.03932068687643912,True,final answer,192,False,,,,,True,True,7.305884333967697,30.24958922118314,0.8142857142857143,0.9064748201438849,0.043478260869565216,1
careful_double_check,deliberation,1.3,gsm8k_train_12,148,171,1.1554054054054055,0.14459459459459456,1.2900249537162707,-0.004397042188714541,23,1.1585160285900777,0.004397042188714541,0.06510416666666667,-0.003203597587312354,-0.037109375,-0.02200520833333333,0.06325143159450312,0.08268533794426336,0.025338277450567104,True,final answer,135,True,final answer,165,1.2222222222222223,1.114864864864865,True,True,5.755770194984507,29.70931677380151,0.8032786885245902,0.8925619834710744,0.06666666666666667,1
careful_double_check,deliberation,1.3,gsm8k_train_13,290,305,1.0517241379310345,0.24827586206896557,1.2594379902354673,0.0012177960682911836,15,1.0814655409950378,-0.0012177960682911836,-0.031241893768310547,-0.00097680560166479,-0.02880859375,0.0029280662536621087,0.011653670944500982,0.006737541489055143,0.004736781654318279,True,final answer,283,True,final answer,298,1.0530035335689045,1.0275862068965518,True,True,10.309613612946123,29.584037913603417,0.8670886075949367,0.9363057324840764,0.038461538461538464,3
careful_double_check,deliberation,1.3,gsm8k_train_14,213,251,1.1784037558685445,0.12159624413145553,1.2942091360024597,-0.005165131076960151,38,1.1824676786983614,0.005165131076960151,0.0966796875,-0.003404636331212574,-0.0433349609375,-0.03526611328125,-0.0136434917964392,0.04725765586902142,-0.001480711605976381,True,final answer,207,True,final answer,239,1.1545893719806763,1.1220657276995305,True,True,8.483620337035973,29.58642537363889,0.84472049689441,0.95,0.0,1
careful_double_check,deliberation,1.3,gsm8k_train_15,504,363,0.7202380952380952,0.5797619047619048,1.2316368130797748,0.006321248497674816,-141,0.7391011769628828,-0.006321248497674816,-0.0811767578125,0.011625984878913614,0.12451171875,0.052539062500000004,0.02045540919784017,-0.06126362323703072,-0.007504854869662524,True,final answer,486,True,final answer,347,0.7139917695473251,0.6884920634920635,True,True,12.245894249994308,29.642588167880735,0.6271929824561403,0.788546255506608,0.13716814159292035,2
careful_double_check,deliberation,1.3,gsm8k_train_16,323,376,1.1640866873065014,0.1359133126934986,1.2589206787872576,0.0013127587510699812,53,1.1710580852500765,-0.0013127587510699812,-0.03134918212890625,0.0014107002318845298,0.037567138671875,0.01705169677734375,0.11660203355463783,0.06305392308940228,0.05692874846168503,True,final answer,315,True,final answer,368,1.1682539682539683,1.1393188854489165,True,False,12.436866292031482,30.232696176922783,0.7510373443983402,0.85,0.09623430962343096,3
careful_double_check,deliberation,1.3,gsm8k_train_17,271,458,1.6900369003690037,0.3900369003690036,1.2647819871761539,0.00023680040696245214,187,1.7365098347167485,-0.00023680040696245214,0.00341796875,0.004123137379055168,0.0628662109375,0.0118896484375,-0.0077856215243166105,0.18662889196142718,0.04779238683675451,True,final answer,263,True,the final answer,446,1.6958174904942966,1.6457564575645756,False,False,15.466854906000663,29.611708571877152,0.8613445378151261,0.9156118143459916,0.05084745762711865,7
careful_double_check,deliberation,1.3,gsm8k_train_18,335,371,1.1074626865671642,0.19253731343283587,1.2804903934671579,-0.002646786277105526,36,1.1106632118482431,0.002646786277105526,0.12601029872894287,-0.003210412651153816,-0.06353759765625,-0.05431647300720215,-0.005401465497633984,-0.05721278795614637,-0.015323673324542942,True,the final answer,320,True,final answer,355,1.109375,1.0597014925373134,True,True,12.498040405975189,29.68465358958422,0.6045454545454545,0.7579908675799086,0.13761467889908258,2
careful_double_check,deliberation,1.3,gsm8k_train_19,293,410,1.3993174061433447,0.09931740614334461,1.2464896476686635,0.003594718813647509,117,1.4368082342724282,-0.003594718813647509,-0.056396484375,0.0025602336225962925,0.05419921875,0.023681640625,0.04462358732544969,0.027149506309817717,0.02333102935038838,True,final answer,287,True,final answer,395,1.3763066202090593,1.348122866894198,True,True,13.835287234047428,29.6343684857533,0.7509293680297398,0.8917910447761194,0.0449438202247191,2
two_path_reflection,deliberation,2.0,gsm8k_train_0,225,429,1.9066666666666667,0.09333333333333327,1.3104660711603855,-0.008149411014511686,204,1.744732762591876,0.008149411014511686,0.16410064697265625,-0.009365155011470415,-0.1472930908203125,-0.07990570068359375,0.10382835752896802,0.28513333613546,0.07042483051035639,True,final answer,212,True,final answer,193,0.910377358490566,0.8577777777777778,True,True,14.166975302970968,30.281693221419964,0.47555555555555556,0.5178571428571429,0.4484304932735426,6
two_path_reflection,deliberation,2.0,gsm8k_train_1,962,554,0.5758835758835759,1.4241164241164241,1.2547434841687668,0.00207956491558451,-408,0.576354201909437,-0.00207956491558451,-0.041015625,-0.0006498977260493005,-0.01171875,0.007421875000000001,-0.06534418395520203,-0.04992597403362575,-0.03133387081052024,False,,,True,final answer,505,,0.524948024948025,False,False,18.259802979999222,30.339867336291686,0.7520215633423181,0.8675675675675676,0.07588075880758807,2
two_path_reflection,deliberation,2.0,gsm8k_train_2,692,694,1.0028901734104045,0.9971098265895955,1.262049001384884,0.000738493658935818,2,1.0299434404994359,-0.000738493658935818,-0.01611328125,0.0016434470729934031,0.0888671875,0.026171875,-0.05835105524412154,-0.007913948618667455,-0.01893194413363908,False,,,True,final answer,653,,0.9436416184971098,False,False,23.429251945985015,29.621090831238778,0.5448577680525164,0.6600877192982456,0.27472527472527475,3
two_path_reflection,deliberation,2.0,gsm8k_train_3,299,502,1.6789297658862876,0.3210702341137124,1.2307718150575302,0.006480035884025922,203,1.7018292113228353,-0.006480035884025922,-0.100341796875,0.011455868096714613,0.16552734375,0.05693359375,0.15682182655421206,0.21182158568386722,0.08422865467245107,False,,,True,final answer,477,,1.5953177257525084,False,True,16.727729970996734,30.010049233840423,0.47019867549668876,0.5249169435215947,0.45,2
two_path_reflection,deliberation,2.0,gsm8k_train_4,320,516,1.6125,0.38749999999999996,1.2567171721941606,0.001717255690632189,196,1.654152975141445,-0.001717255690632189,-0.045546531677246094,0.0008345160543914787,0.015043258666992188,0.018401336669921876,-0.038932365732503804,0.026762127992476348,0.005559730057495528,True,final answer,298,True,final answer,178,0.5973154362416108,0.55625,True,True,17.423464555002283,29.615235154357187,0.6842105263157895,0.7888888888888889,0.15041782729805014,2
two_path_reflection,deliberation,2.0,gsm8k_train_5,302,555,1.8377483443708609,0.16225165562913912,1.2690421112215262,-0.0005452290836262235,253,1.8864510141333226,0.0005452290836262235,0.018383026123046875,0.00042725173004301564,0.01251220703125,-0.0006065368652343754,0.05568556579295336,0.13376986432389382,0.05025074271657601,True,final answer,282,True,final answer,507,1.797872340425532,1.6788079470198676,True,False,18.747445703018457,29.60403293290464,0.511400651465798,0.5882352941176471,0.3770491803278688,2
two_path_reflection,deliberation,2.0,gsm8k_train_6,197,317,1.6091370558375635,0.3908629441624365,1.2807593157792914,-0.0026961522524916537,120,1.621467303755263,0.0026961522524916537,0.1055908203125,-0.0034934183633625673,-0.135498046875,-0.058691406249999994,0.029024135392808237,0.12789565272427694,0.03541610715763168,True,final answer,190,True,final answer,300,1.5789473684210527,1.5228426395939085,True,True,10.503471828997135,30.180496997654817,0.46524064171123,0.5161290322580645,0.4648648648648649,2
two_path_reflection,deliberation,2.0,gsm8k_train_7,332,729,2.1957831325301207,0.1957831325301207,1.2672201353492323,-0.0002107696058974676,397,2.198294413928678,0.0002107696058974676,0.013575553894042969,-0.0007637759002353623,-0.06719970703125,-0.02289237976074219,-0.09082396410837301,-0.08224546279810907,-0.04945326391602727,True,final answer,325,True,final answer,707,2.1753846153846155,2.1295180722891565,True,True,24.59465145599097,29.64059081318772,0.6692111959287532,0.8341836734693877,0.07672634271099744,1
two_path_reflection,deliberation,2.0,gsm8k_train_8,182,365,2.0054945054945055,0.005494505494505475,1.2957756134471041,-0.005452688797112592,183,2.051466956394699,0.005452688797112592,0.08984375,-0.00690507166007278,-0.1103515625,-0.047314453124999996,-0.11027763148734215,-0.10120247913267244,-0.05797119302809861,True,final answer,170,True,final answer,169,0.9941176470588236,0.9285714285714286,False,True,12.293990304984618,29.689302736151514,0.652542372881356,0.7531914893617021,0.1794871794871795,3
two_path_reflection,deliberation,2.0,gsm8k_train_9,222,396,1.7837837837837838,0.21621621621621623,1.2815896785629886,-0.0028485816601385937,174,1.7880113746505784,0.0028485816601385937,0.05084419250488281,-0.006720120720858768,-0.12504959106445312,-0.041490173339843756,-0.031748075630075645,-0.08520755248514211,-0.0243602934165545,True,final answer,214,True,final answer,179,0.8364485981308412,0.8063063063063063,True,True,13.086008461017627,30.261328439428905,0.4957983193277311,0.5485232067510548,0.4322033898305085,2
two_path_reflection,deliberation,2.0,gsm8k_train_10,190,337,1.7736842105263158,0.22631578947368425,1.2547003933520575,0.002087475081833475,147,1.7793260635525978,-0.002087475081833475,-0.09279632568359375,0.0037162118001437053,0.1269989013671875,0.048358154296875,-0.09041380173054514,-0.2190521839220163,-0.08388848675648895,True,final answer,184,True,final answer,314,1.7065217391304348,1.6526315789473685,True,True,11.394710417021997,29.57512632322558,0.6859903381642513,0.7864077669902912,0.14146341463414633,2
two_path_reflection,deliberation,2.0,gsm8k_train_11,200,470,2.35,0.3500000000000001,1.2545225377158589,0.002120123979164523,270,2.4183596779246104,-0.002120123979164523,-0.0341796875,0.0012622965996208803,0.04296875,0.02734375,0.011249545264850447,0.03807509774872253,0.01834218822772851,True,final answer,192,True,final answer,448,2.3333333333333335,2.24,True,False,15.867734985949937,29.619854403678964,0.8557993730407524,0.940251572327044,0.01892744479495268,1
two_path_reflection,deliberation,2.0,gsm8k_train_12,148,304,2.054054054054054,0.054054054054053946,1.2793018028326284,-0.0024285971073678228,156,2.060129388343823,0.0024285971073678228,-0.001953125,-0.004581452974544417,-0.052734375,0.006119791666666668,-0.027083424886585366,-0.12707613449322963,-0.018222311413221583,True,final answer,135,True,final answer,228,1.6888888888888889,1.5405405405405406,True,True,10.235189707018435,29.70145241094479,0.8235294117647058,0.9136363636363637,0.0502283105022831,2
two_path_reflection,deliberation,2.0,gsm8k_train_13,290,392,1.3517241379310345,0.6482758620689655,1.2535510335302003,0.002298462664921937,102,1.3702347591786423,-0.002298462664921937,-0.0655519962310791,0.0009766007576035851,0.008544921875,0.017211961746215823,-0.013475246260105544,0.05853687366444449,0.005018411620047081,True,final answer,283,True,final answer,369,1.303886925795053,1.2724137931034483,True,True,13.062451266974676,30.00968133684674,0.7522935779816514,0.8571428571428571,0.0787037037037037,1
two_path_reflection,deliberation,2.0,gsm8k_train_14,213,372,1.7464788732394365,0.2535211267605635,1.2458951508713219,0.0037038503841440923,159,1.7505867661211825,-0.0037038503841440923,-0.017303466796875,0.009435169499736856,0.1138916015625,0.026885986328124997,-0.11092859914296671,-0.09340035221088616,-0.06117521736927727,True,final answer,207,True,final answer,359,1.7342995169082125,1.6854460093896713,True,True,12.559593601035886,29.618792758494855,0.6993006993006993,0.8421052631578947,0.0880281690140845,1
two_path_reflection,deliberation,2.0,gsm8k_train_15,504,518,1.0277777777777777,0.9722222222222223,1.2293100555746874,0.006748370564320606,14,1.0538780338503944,-0.006748370564320606,-0.10302734375,0.010523363984364317,0.10791015625,0.054345703125,-0.004313432258465699,-0.08455366856519086,-0.02359901435977112,True,final answer,486,True,final answer,502,1.0329218106995885,0.996031746031746,True,True,17.461315659049433,29.665576759191303,0.47770700636942676,0.549520766773163,0.4198717948717949,2
two_path_reflection,deliberation,2.0,gsm8k_train_16,323,385,1.1919504643962848,0.8080495356037152,1.2561559276447598,0.0018202831575296202,62,1.215202563538856,-0.0018202831575296202,-0.03859710693359375,0.00044954492736620777,0.009735107421875,0.01557159423828125,0.05574189987419764,0.04894039754317303,0.03467487579408344,True,final answer,315,True,final answer,367,1.1650793650793652,1.1362229102167183,True,True,12.905689299979713,29.831804489559904,0.4549019607843137,0.5590551181102362,0.36363636363636365,2
two_path_reflection,deliberation,2.0,gsm8k_train_17,271,611,2.254612546125461,0.25461254612546114,1.2886490004735949,-0.004144458930109065,340,2.2686143312034175,0.004144458930109065,0.08233642578125,0.0010059762100176617,-0.00732421875,-0.03215332031250001,0.10683834703054074,0.32189580183492517,0.1062322378340431,True,final answer,263,True,final answer,586,2.2281368821292777,2.162361623616236,False,False,20.206236669037025,30.238188832869817,0.7698863636363636,0.8717948717948718,0.08571428571428572,1
two_path_reflection,deliberation,2.0,gsm8k_train_18,335,513,1.5313432835820895,0.4686567164179105,1.2890826536546118,-0.004224064493851108,178,1.536186703570466,0.004224064493851108,0.19296598434448242,-0.0035038967442714217,-0.03729248046875,-0.06753673553466798,-0.019308833947526916,-0.040045342434860576,-0.011840188805579112,True,the final answer,320,True,the final answer,498,1.55625,1.4865671641791045,True,True,17.28635943599511,29.67657833909136,0.4364820846905538,0.5228758169934641,0.42950819672131146,4
two_path_reflection,deliberation,2.0,gsm8k_train_19,293,546,1.863481228668942,0.13651877133105805,1.2538036662545637,0.0022520869635020164,253,1.9002601829156969,-0.0022520869635020164,-0.028076171875,0.0015429293093241411,0.02880859375,0.00859375,-0.09175478786191626,-0.10250880326058986,-0.04358216691308683,True,final answer,287,True,final answer,509,1.7735191637630663,1.7372013651877134,True,True,18.297950152948033,29.83940799030062,0.709480122324159,0.8496932515337423,0.08,1
uncertainty_maintenance,deliberation,3.0,gsm8k_train_0,225,225,1.0,2.0,1.284689014836584,-0.003417525742843306,0,0.9230768116140858,0.003417525742843306,0.07819557189941406,-0.005638225749448812,-0.10585403442382812,-0.05214195251464844,0.05515366187216575,0.1437173992405425,0.029764173036470026,True,final answer,212,True,final answer,212,1.0,0.9422222222222222,True,True,7.495248941995669,30.019016278342846,0.9038461538461539,0.9805825242718447,0.0,3
uncertainty_maintenance,deliberation,3.0,gsm8k_train_1,962,168,0.17463617463617465,2.8253638253638256,1.2921971841892144,-0.004795797781768831,-794,0.17900335979639379,0.004795797781768831,0.05859375,-0.008429202551095742,-0.087890625,-0.0365234375,-0.09044101890329848,-0.10305630489431294,-0.04749689299759678,False,,,False,,,,,False,False,5.6711065379786305,29.62384833981284,0.7948717948717948,0.8879310344827587,0.05217391304347826,1
uncertainty_maintenance,deliberation,3.0,gsm8k_train_2,692,457,0.6604046242774566,2.3395953757225434,1.2680302380836028,-0.00035947988333000604,-235,0.6783513629085841,0.00035947988333000604,0.0411376953125,-0.0006109090622039527,-0.0263671875,-0.01767578125,-0.0974784509856923,-0.05662454925376714,-0.03510536160373295,False,,,False,,,,,False,False,15.431201718980446,29.61532149747534,0.725,0.8150470219435737,0.1289308176100629,1
uncertainty_maintenance,deliberation,3.0,gsm8k_train_3,299,357,1.193979933110368,1.806020066889632,1.2522400445662596,0.0025391204534554864,58,1.225525818254989,-0.0025391204534554864,-0.055908203125,0.00159658613511416,0.03076171875,0.024169921875000003,-0.0072658835406163025,0.04704451673821808,0.005428393509533789,False,,,True,final answer,339,,1.1337792642140467,False,True,12.046017793007195,29.636350048166225,0.8617886178861789,0.9591836734693877,0.004098360655737705,1
uncertainty_maintenance,deliberation,3.0,gsm8k_train_4,320,273,0.853125,2.146875,1.2667921280525594,-0.0001322004551825096,-47,0.8691110873197152,0.0001322004551825096,0.031084060668945312,-0.0009089682575336832,-0.055088043212890625,-0.017768859863281253,-0.08788885109494537,-0.026654808133499408,-0.02543730336372105,True,final answer,298,True,final answer,250,0.8389261744966443,0.78125,True,True,9.154489609994926,29.821433157992445,0.61,0.7386934673366834,0.1717171717171717,1
uncertainty_maintenance,deliberation,3.0,gsm8k_train_5,302,529,1.7516556291390728,1.2483443708609272,1.269099829725514,-0.0005558244493457064,227,1.7665982195357683,0.0005558244493457064,0.011913299560546875,7.223877731387524e-05,0.01397705078125,-0.001070404052734376,-0.011268376220152643,0.16095784672655844,0.031109947712938756,True,final answer,282,False,,,,,True,False,17.55635526799597,30.131538803178056,0.81875,0.9122257053291536,0.040880503144654086,4
uncertainty_maintenance,deliberation,3.0,gsm8k_train_6,197,188,0.9543147208121827,2.0456852791878175,1.290596192996916,-0.004501904384953289,-9,0.9800992118035559,0.004501904384953289,0.1622314453125,-0.0049071483735469885,-0.18115234375,-0.082568359375,0.04015306539478036,0.14787326110023225,0.04106148531170706,True,final answer,190,True,the final answer,180,0.9473684210526315,0.9137055837563451,True,True,6.348844923952129,29.611685629733543,0.8782608695652174,0.956140350877193,0.017699115044247787,1
uncertainty_maintenance,deliberation,3.0,gsm8k_train_7,332,390,1.1746987951807228,1.8253012048192772,1.272101073813322,-0.0011067617835931042,58,1.176387421963785,0.0011067617835931042,0.13104915618896484,-0.001921058376244377,-0.20792388916015625,-0.08078041076660156,-0.05126922420977742,-0.04557737294520692,-0.028961363334446148,True,final answer,325,True,final answer,383,1.1784615384615384,1.1536144578313252,True,True,13.161493945983239,29.631894494699385,0.7162162162162162,0.8371040723981901,0.09545454545454546,1
uncertainty_maintenance,deliberation,3.0,gsm8k_train_8,182,281,1.543956043956044,1.456043956043956,1.3058192751223476,-0.007296400280600414,99,1.580461028986275,0.007296400280600414,0.120361328125,-0.008620233706453182,-0.13330078125,-0.06494140625,-0.04284198693863628,-0.006940647990111515,-0.015249900567430386,True,final answer,170,True,final answer,269,1.5823529411764705,1.478021978021978,False,True,9.471355367044453,29.66840426848923,0.8023255813953488,0.9005847953216374,0.052941176470588235,2
uncertainty_maintenance,deliberation,3.0,gsm8k_train_9,222,354,1.5945945945945945,1.4054054054054055,1.2885614835477601,-0.004128393478446299,132,1.6036784858313122,0.004128393478446299,0.12281680107116699,-0.006578356437758656,-0.10938787460327148,-0.0605550765991211,0.0027467902741031835,-0.02183563621603124,0.0017176515213109134,True,final answer,214,False,,,,,True,True,11.736922109033912,30.16122938462087,0.730593607305936,0.8761467889908257,0.055299539170506916,1
uncertainty_maintenance,deliberation,3.0,gsm8k_train_10,190,325,1.7105263157894737,1.2894736842105263,1.2650288323199124,0.00019148712970296598,135,1.710945408531471,-0.00019148712970296598,0.018566131591796875,0.002130279296544007,0.07224273681640625,0.0082916259765625,-0.16231279910503704,-0.3077637551092569,-0.10503794663753241,True,final answer,184,False,,,,,True,True,10.956804302986711,29.661933444536228,0.8388429752066116,0.91701244813278,0.04583333333333333,1
uncertainty_maintenance,deliberation,3.0,gsm8k_train_11,200,189,0.945,2.055,1.2775264795726649,-0.0021027016334724704,-11,0.9705545521852106,0.0021027016334724704,0.0625,-0.004683708620009521,-0.08837890625,-0.027685546874999998,-0.01117528059494255,-0.05886735158058176,-0.004140606534951585,True,final answer,192,True,final answer,181,0.9427083333333334,0.905,True,True,6.36816043703584,29.678900503325416,0.8272727272727273,0.8899082568807339,0.08333333333333333,1
uncertainty_maintenance,deliberation,3.0,gsm8k_train_12,148,149,1.0067567567567568,1.9932432432432432,1.269216943598002,-0.00057732300222052,1,1.0118350764233162,0.00057732300222052,-0.023763020833333332,0.002136996746740033,0.025390625,0.021093749999999998,0.05622622876421879,-0.034000581144796094,0.012031258832484801,True,final answer,135,True,final answer,144,1.0666666666666667,0.972972972972973,True,True,5.027025980991311,29.639791113754644,0.8557692307692307,0.9223300970873787,0.049019607843137254,1
uncertainty_maintenance,deliberation,3.0,gsm8k_train_13,290,291,1.0034482758620689,1.9965517241379311,1.269293940353723,-0.0005914572699113111,1,1.0311848217540733,0.0005914572699113111,0.05993223190307617,-0.0019587198808418745,-0.048095703125,-0.021654415130615237,-0.03300260693149193,-0.009139306764478938,-0.012395429402462587,True,final answer,283,True,final answer,284,1.0035335689045937,0.9793103448275862,True,True,9.830287395045161,29.602389869768718,0.8055555555555556,0.9329608938547486,0.02247191011235955,1
uncertainty_maintenance,deliberation,3.0,gsm8k_train_14,213,207,0.971830985915493,2.028169014084507,1.2895412788680365,-0.004308254164904295,-6,0.9756071238778484,0.004308254164904295,0.0922393798828125,0.004098149165383966,0.05078125,-0.0145416259765625,-0.12173229922450624,0.04034275805381782,-0.035074149832358306,True,final answer,207,True,final answer,201,0.9710144927536232,0.9436619718309859,True,True,6.999498240998946,29.57354839915748,0.8666666666666667,0.9831932773109243,0.0,1
uncertainty_maintenance,deliberation,3.0,gsm8k_train_15,504,435,0.8630952380952381,2.136904761904762,1.2596035437859459,0.0011874054605607158,-69,0.8723776470130453,-0.0011874054605607158,-0.0111083984375,0.004181744469725503,0.0517578125,0.016845703125,-0.19220953556390796,-0.1463170797732496,-0.07609537449572987,True,final answer,486,True,final answer,426,0.8765432098765432,0.8452380952380952,True,True,14.454102827003226,30.095261200669672,0.7613168724279835,0.8677685950413223,0.07883817427385892,7
uncertainty_maintenance,deliberation,3.0,gsm8k_train_16,323,256,0.7925696594427245,2.2074303405572753,1.2618569549781846,0.0007737475510762627,-67,0.8139646967898511,-0.0007737475510762627,-0.020160675048828125,0.00150419101288159,0.03955078125,0.015067291259765626,0.1305605333187001,0.1303141311721503,0.07171818015111012,True,final answer,315,True,final answer,238,0.7555555555555555,0.7368421052631579,True,False,8.644464546989184,29.614327019151613,0.6959459459459459,0.8299319727891157,0.10273972602739725,3
uncertainty_maintenance,deliberation,3.0,gsm8k_train_17,271,348,1.2841328413284132,1.7158671586715868,1.3357435951792043,-0.01278959731454504,77,1.3191082449899523,0.01278959731454504,0.17864990234375,-0.01752583144969566,-0.213623046875,-0.1008056640625,-0.07732943289917826,0.24985748987097756,0.0440780344186626,True,final answer,263,True,final answer,333,1.2661596958174905,1.2287822878228782,False,False,11.7491162000224,29.61924914823266,0.8325358851674641,0.9230769230769231,0.033816425120772944,1
uncertainty_maintenance,deliberation,3.0,gsm8k_train_18,335,320,0.9552238805970149,2.044776119402985,1.275348600156048,-0.0017029090657911484,-15,0.95984488742311,0.0017029090657911484,0.11959749460220337,-0.0001315195631654848,-0.01751708984375,-0.03445398807525635,-0.058851043498069355,-0.07685515280554966,-0.03644868668496533,True,the final answer,320,True,final answer,307,0.959375,0.9164179104477612,True,True,10.800916117965244,29.6271164876229,0.7286432160804021,0.8434343434343434,0.09137055837563451,2
uncertainty_maintenance,deliberation,3.0,gsm8k_train_19,293,436,1.4880546075085324,1.5119453924914676,1.2686007929877292,-0.00046421644880901593,143,1.522253148671164,0.00046421644880901593,0.02783203125,0.0017900319230086982,0.0361328125,-0.007275390625000003,-0.06618053798076273,-0.024823052350008812,-0.015626660567620784,True,final answer,287,True,final answer,430,1.4982578397212543,1.4675767918088738,True,False,14.658051820995752,29.744744071342872,0.7111111111111111,0.8364312267657993,0.08955223880597014,1
micro_step_deliberation,deliberation,2.0,gsm8k_train_0,225,185,0.8222222222222222,1.1777777777777778,1.2903532035784675,-0.00445729890184906,-40,0.7660135875899207,0.00445729890184906,0.1009521484375,-0.0069540027052829995,-0.134521484375,-0.06500244140625,0.1775670379967491,0.306056177828427,0.10304398507542306,True,final answer,212,True,final answer,172,0.8113207547169812,0.7644444444444445,True,True,6.219918493996374,29.743155023424627,0.8316831683168316,0.93,0.020202020202020204,1
micro_step_deliberation,deliberation,2.0,gsm8k_train_1,962,1024,1.0644490644490645,0.9355509355509355,1.2716110517004364,-0.0010168085946165428,62,1.0913684799261925,0.0010168085946165428,0.017578125,-0.000845056598557048,-0.013671875,-0.010351562500000001,0.0921567547094837,0.05966161357346467,0.03798769745744907,False,,,False,,,,,False,False,34.57626118802,29.61569483848057,0.7147435897435898,0.8154093097913323,0.12379421221864952,10
micro_step_deliberation,deliberation,2.0,gsm8k_train_2,692,626,0.9046242774566474,1.0953757225433525,1.2646775600949562,0.0002559700499687921,-66,0.9186850664461644,-0.0002559700499687921,0.0318603515625,0.000662526046862514,0.0283203125,-0.003955078125000001,0.08224958488707346,0.03568523518551103,0.030023828102487424,False,,,True,final answer,605,,0.8742774566473989,False,False,20.898335806035902,29.954538285254145,0.6197183098591549,0.7694117647058824,0.15566037735849056,2
micro_step_deliberation,deliberation,2.0,gsm8k_train_3,299,280,0.9364548494983278,1.0635451505016722,1.2684831163858366,-0.0004426145958929366,-19,0.9617258288959736,0.0004426145958929366,-0.025390625,-0.0028014174067973116,-0.025390625,0.0025390625000000014,0.2795848348815133,0.2718490982535693,0.13347085696034922,False,,,True,final answer,268,,0.8963210702341137,False,False,9.453057842038106,29.620045140825162,0.8352272727272727,0.9314285714285714,0.028735632183908046,1
micro_step_deliberation,deliberation,2.0,gsm8k_train_4,320,208,0.65,1.35,1.2637354136905912,0.00042891953801618785,-112,0.667029886781279,-0.00042891953801618785,0.007798194885253906,-0.00040913854787738915,-0.04086494445800781,-0.009809112548828127,0.1705226062782088,0.23016199552796346,0.10269976586007487,True,final answer,298,True,final answer,186,0.6241610738255033,0.58125,True,True,7.025935185025446,29.604599889181397,0.7887323943661971,0.8794326241134752,0.05714285714285714,1
micro_step_deliberation,deliberation,2.0,gsm8k_train_5,302,408,1.3509933774834437,0.6490066225165563,1.2787534467148698,-0.0023279355653881223,106,1.3872310114359694,0.0023279355653881223,0.06545639038085938,-0.0005122074222590391,-0.01092529296875,-0.021984100341796875,0.18683212693396434,0.2980462179812551,0.1152187763841015,True,final answer,282,True,final answer,401,1.4219858156028369,1.3278145695364238,True,True,13.786224964016583,29.594758613392756,0.8143459915611815,0.9067796610169492,0.03829787234042553,1
micro_step_deliberation,deliberation,2.0,gsm8k_train_6,197,139,0.7055837563451777,1.2944162436548223,1.2779816276999147,-0.002186253017024865,-58,0.7242061259533086,0.002186253017024865,0.0849609375,-0.003177860584763782,-0.119384765625,-0.047607421875,0.24496484608125613,0.34923533082370284,0.14330832183392156,True,final answer,190,True,final answer,131,0.6894736842105263,0.6649746192893401,True,True,4.691231592965778,29.629745887715757,0.8823529411764706,0.9523809523809523,0.012048192771084338,1
micro_step_deliberation,deliberation,2.0,gsm8k_train_7,332,411,1.2379518072289157,0.7620481927710843,1.268578425973647,-0.0004601105438066114,79,1.2283231003490704,0.0004601105438066114,0.05733299255371094,-0.0006456633291357316,-0.06380462646484375,-0.03058319091796875,0.15335091129486145,0.20768922307703974,0.07452952279843156,True,final answer,325,True,final answer,389,1.196923076923077,1.1716867469879517,True,True,13.742553471005522,29.90710575491963,0.6406926406926406,0.7869565217391304,0.1091703056768559,2
micro_step_deliberation,deliberation,2.0,gsm8k_train_8,182,207,1.1373626373626373,0.8626373626373627,1.287518171407912,-0.003936873031492021,25,1.141957430945011,0.003936873031492021,0.070068359375,-0.0034381726328749015,-0.06201171875,-0.03583984375,0.1450037019353263,0.19009862344479478,0.08443586659538456,True,final answer,170,True,final answer,194,1.1411764705882352,1.065934065934066,False,True,6.843499740993138,30.247681425346247,0.753731343283582,0.8721804511278195,0.06060606060606061,1
micro_step_deliberation,deliberation,2.0,gsm8k_train_9,222,320,1.4414414414414414,0.5585585585585586,1.2835036004691773,-0.00319991963935756,98,1.4733405925467737,0.00319991963935756,0.10079288482666016,-0.0063545936034083775,-0.11917304992675781,-0.06297988891601564,0.30670172425536313,0.22016571043199162,0.13837345812080026,True,final answer,214,True,final answer,305,1.425233644859813,1.3738738738738738,True,True,10.783011637046002,29.676310364037015,0.7473684210526316,0.8835978835978836,0.05319148936170213,6
micro_step_deliberation,deliberation,2.0,gsm8k_train_10,190,281,1.4789473684210526,0.5210526315789474,1.2624983782994632,0.0006560016948878775,91,1.4782887615863824,-0.0006560016948878775,-0.022655487060546875,0.0022385583400098517,0.07656097412109375,0.0180267333984375,0.11396234230613844,0.12845848945292104,0.055168625416783176,True,final answer,184,True,final answer,267,1.451086956521739,1.4052631578947368,True,True,9.46688338695094,29.68241907229233,0.7710843373493976,0.8666666666666667,0.06097560975609756,3
micro_step_deliberation,deliberation,2.0,gsm8k_train_11,200,229,1.145,0.855,1.260360320331369,0.0010484842531021023,29,1.1754964836740351,-0.0010484842531021023,-0.0181884765625,0.0009787129573029674,0.034423828125,0.0164794921875,0.3196453843823215,0.22183526163912903,0.13981677208460902,True,final answer,192,True,the final answer,213,1.109375,1.065,True,True,7.712858781975228,29.690677150107774,0.8601398601398601,0.9366197183098591,0.02127659574468085,1
micro_step_deliberation,deliberation,2.0,gsm8k_train_12,148,174,1.1756756756756757,0.8243243243243243,1.2610142023906352,0.0009284513507108067,26,1.179754915764599,-0.0009284513507108067,-0.023111979166666668,-0.004235364078442147,-0.048828125,0.0010416666666666675,0.20553222936698035,0.18846136392421986,0.07858665502727842,True,final answer,135,True,final answer,161,1.1925925925925926,1.087837837837838,True,True,5.861289800028317,29.686298739086297,0.8833333333333333,0.9495798319327731,0.00847457627118644,1
micro_step_deliberation,deliberation,2.0,gsm8k_train_13,290,237,0.8172413793103448,1.1827586206896552,1.2716355965861905,-0.0010213142907648947,-53,0.8326980770876757,0.0010213142907648947,0.038219451904296875,-0.0022725634800655464,-0.065673828125,-0.024831390380859377,0.19365602605581733,0.17695147222968766,0.09280070769969165,True,final answer,283,True,final answer,219,0.773851590106007,0.7551724137931034,True,True,7.938112778996583,29.855962821172966,0.73125,0.9119496855345912,0.03164556962025317,1
micro_step_deliberation,deliberation,2.0,gsm8k_train_14,213,210,0.9859154929577465,1.0140845070422535,1.3046667037267952,-0.007084823150044754,-3,0.9807927168481637,0.007084823150044754,0.1219635009765625,-0.0036412373775783144,-0.0460205078125,-0.0442535400390625,0.22055192992297812,0.3467356659993377,0.12658847777362311,True,final answer,207,True,final answer,197,0.9516908212560387,0.9248826291079812,True,True,7.036702303972561,29.843524839958736,0.8319327731092437,0.940677966101695,0.042735042735042736,1
micro_step_deliberation,deliberation,2.0,gsm8k_train_15,504,312,0.6190476190476191,1.380952380952381,1.2474270632730324,0.0034226377569114325,-192,0.6343902584273142,-0.0034226377569114325,-0.0345458984375,0.006908006327030102,0.06884765625,0.026562500000000003,0.14100550252762556,0.1184933252570679,0.07032128029802212,True,final answer,486,True,final answer,306,0.6296296296296297,0.6071428571428571,True,True,10.510977739002556,29.683251905508023,0.634020618556701,0.772020725388601,0.140625,1
micro_step_deliberation,deliberation,2.0,gsm8k_train_16,323,210,0.6501547987616099,1.3498452012383901,1.2563285498601444,0.001788594957438763,-113,0.668305415688295,-0.001788594957438763,-0.041717529296875,0.0014371162336566483,0.038299560546875,0.0220550537109375,0.25503862123567367,0.18370529317692252,0.12352144752710387,True,final answer,315,True,final answer,192,0.6095238095238096,0.5944272445820433,True,False,7.097534444998018,29.58773946465273,0.8064516129032258,0.9349593495934959,0.02459016393442623,1
micro_step_deliberation,deliberation,2.0,gsm8k_train_17,271,363,1.3394833948339484,0.6605166051660516,1.2739120014897223,-0.0014391931478409843,92,1.3796883542976084,0.0014391931478409843,0.03173828125,0.0025841454369332287,0.0235595703125,-0.0059326171875,0.2804854459838211,0.516087894926406,0.20435549609488846,True,final answer,263,True,final answer,347,1.3193916349809887,1.2804428044280443,False,False,12.288694924034644,29.539345084564868,0.6774193548387096,0.8218623481781376,0.08943089430894309,1
micro_step_deliberation,deliberation,2.0,gsm8k_train_18,335,136,0.4059701492537313,1.5940298507462687,1.2799142121696843,-0.0025410168765550092,-199,0.4079948037773937,0.0025410168765550092,0.13412880897521973,-0.002315510908713075,-0.04852294921875,-0.050593662261962886,0.23192362072600137,0.15028259067721095,0.095784827378333,True,the final answer,320,True,final answer,123,0.384375,0.36716417910447763,True,True,4.591072693001479,29.622706738517806,0.9382716049382716,0.975,0.0,1
micro_step_deliberation,deliberation,2.0,gsm8k_train_19,293,448,1.52901023890785,0.47098976109215007,1.264825885707012,0.00022874196890783176,155,1.5518502081608663,-0.00022874196890783176,0.00537109375,0.0016001425550583245,0.0322265625,0.0020507812499999997,0.2535166445361505,0.2936124634210868,0.13367688313561282,True,final answer,287,True,final answer,434,1.5121951219512195,1.4812286689419796,True,True,14.943047277978621,29.980498064823223,0.7403508771929824,0.8661971830985915,0.06713780918727916,1
